company,year,metric,value,source,comments,answer_url,item_url
Varusteleka Oy,2025,Clean Clothes Campaign+Living Wage Action Plan,No,Source-000241443,,https://wikirate.org/Clean_Clothes_Campaign+Living_Wage_Action_Plan+Varusteleka_Oy.json,https://wikirate.org/Clean_Clothes_Campaign+Living_Wage_Action_Plan+Varusteleka_Oy+2025.json
Halti Oy,2025,Clean Clothes Campaign+Living Wage Action Plan,No,"Source-000241422
Source-000241423",,https://wikirate.org/Clean_Clothes_Campaign+Living_Wage_Action_Plan+Halti_Oy.json,https://wikirate.org/Clean_Clothes_Campaign+Living_Wage_Action_Plan+Halti_Oy+2025.json
Joutsen Finland Oy,2025,Clean Clothes Campaign+Living Wage Action Plan,No,Source-000241416,,https://wikirate.org/Clean_Clothes_Campaign+Living_Wage_Action_Plan+Joutsen_Finland_Oy.json,https://wikirate.org/Clean_Clothes_Campaign+Living_Wage_Action_Plan+Joutsen_Finland_Oy+2025.json
Finlayson Oy,2025,Clean Clothes Campaign+Living Wage Action Plan,No,Source-000241408,,https://wikirate.org/Clean_Clothes_Campaign+Living_Wage_Action_Plan+Finlayson_Oy.json,https://wikirate.org/Clean_Clothes_Campaign+Living_Wage_Action_Plan+Finlayson_Oy+2025.json
Makia Clothing Oy,2025,Clean Clothes Campaign+Living Wage Action Plan,No,Source-000241404,,https://wikirate.org/Clean_Clothes_Campaign+Living_Wage_Action_Plan+Makia_Clothing_Oy.json,https://wikirate.org/Clean_Clothes_Campaign+Living_Wage_Action_Plan+Makia_Clothing_Oy+2025.json
Devold of Norway AS,2025,Clean Clothes Campaign+Living Wage Action Plan,Yes,"Source-000241454
Source-000241455","""Support SDG 1 No Poverty and SDG 8 Decent Work and Economic Growth, SDG5 Gender Equality, and SDG 10 Reduced Inequalities A fair supply chain starts with ensuring workers earn a living wage, not just minimum wage. At Devold, due diligence is embedded in the business strategy: Devold maintains vertical integration and source directly whenever possible as part of the quality control and risk management approach. This ensures oversight of the production process and enables Devold to provide a living wage to our workers and negotiate fair terms with our wool growers. Key actions: Strengthening direct partnerships with wool growers Supporting worker representation and union engagement Targets by 2029: 100% direct wool sourcing from New Zealand. Status: Achieved in 2018 with direct sourcing model ‘Sheep to Shop’. All Devold employees in the vertically integrated supply chain receive a living wage. Status: Achieved. 100 % living wage coverage in external Tier 1 suppliers. Status: 93% achieved in 2023 (Anker meth...",https://wikirate.org/Clean_Clothes_Campaign+Living_Wage_Action_Plan+Devold_of_Norway_AS.json,https://wikirate.org/Clean_Clothes_Campaign+Living_Wage_Action_Plan+Devold_of_Norway_AS+2025.json
Nanso Group Oy,2025,Clean Clothes Campaign+Living Wage Action Plan,No,Source-000241411,,https://wikirate.org/Clean_Clothes_Campaign+Living_Wage_Action_Plan+Nanso_Group_Oy.json,https://wikirate.org/Clean_Clothes_Campaign+Living_Wage_Action_Plan+Nanso_Group_Oy+2025.json
Reima,2025,Clean Clothes Campaign+Living Wage Action Plan,No,Source-000241437,,https://wikirate.org/Clean_Clothes_Campaign+Living_Wage_Action_Plan+Reima.json,https://wikirate.org/Clean_Clothes_Campaign+Living_Wage_Action_Plan+Reima+2025.json
Marimekko,2025,Clean Clothes Campaign+Living Wage Action Plan,No,Source-000241407,,https://wikirate.org/Clean_Clothes_Campaign+Living_Wage_Action_Plan+Marimekko.json,https://wikirate.org/Clean_Clothes_Campaign+Living_Wage_Action_Plan+Marimekko+2025.json
SOK S Group,2025,Clean Clothes Campaign+Living Wage Action Plan,No,Source-000241435,,https://wikirate.org/Clean_Clothes_Campaign+Living_Wage_Action_Plan+SOK_S_Group.json,https://wikirate.org/Clean_Clothes_Campaign+Living_Wage_Action_Plan+SOK_S_Group+2025.json
Lindex,2025,Clean Clothes Campaign+Living Wage Action Plan,No,Source-000241414,,https://wikirate.org/Clean_Clothes_Campaign+Living_Wage_Action_Plan+Lindex.json,https://wikirate.org/Clean_Clothes_Campaign+Living_Wage_Action_Plan+Lindex+2025.json
Stockmann Oyj Abp,2025,Clean Clothes Campaign+Living Wage Action Plan,No,Source-000241419,,https://wikirate.org/Clean_Clothes_Campaign+Living_Wage_Action_Plan+Stockmann_Oyj_Abp.json,https://wikirate.org/Clean_Clothes_Campaign+Living_Wage_Action_Plan+Stockmann_Oyj_Abp+2025.json
Kesko Corporation,2025,Clean Clothes Campaign+Living Wage Action Plan,No,Source-000241433,,https://wikirate.org/Clean_Clothes_Campaign+Living_Wage_Action_Plan+Kesko_Corporation.json,https://wikirate.org/Clean_Clothes_Campaign+Living_Wage_Action_Plan+Kesko_Corporation+2025.json
Tokmanni,2025,Clean Clothes Campaign+Living Wage Action Plan,No,Source-000241452,,https://wikirate.org/Clean_Clothes_Campaign+Living_Wage_Action_Plan+Tokmanni.json,https://wikirate.org/Clean_Clothes_Campaign+Living_Wage_Action_Plan+Tokmanni+2025.json
Luhta Sportswear Company,2025,Clean Clothes Campaign+Living Wage Action Plan,Yes,Source-000241427,,https://wikirate.org/Clean_Clothes_Campaign+Living_Wage_Action_Plan+Luhta_Sportswear_Company.json,https://wikirate.org/Clean_Clothes_Campaign+Living_Wage_Action_Plan+Luhta_Sportswear_Company+2025.json
Hema,2024,Clean Clothes Campaign+Living Wage Action Plan,Yes,Source-000216887,,https://wikirate.org/Clean_Clothes_Campaign+Living_Wage_Action_Plan+Hema.json,https://wikirate.org/Clean_Clothes_Campaign+Living_Wage_Action_Plan+Hema+2024.json
Zeeman,2024,Clean Clothes Campaign+Living Wage Action Plan,Yes,Source-000216886,,https://wikirate.org/Clean_Clothes_Campaign+Living_Wage_Action_Plan+Zeeman.json,https://wikirate.org/Clean_Clothes_Campaign+Living_Wage_Action_Plan+Zeeman+2024.json
Schijvens,2024,Clean Clothes Campaign+Living Wage Action Plan,No,Source-000216890,,https://wikirate.org/Clean_Clothes_Campaign+Living_Wage_Action_Plan+Schijvens.json,https://wikirate.org/Clean_Clothes_Campaign+Living_Wage_Action_Plan+Schijvens+2024.json
Artsana S.p.A.,2023,Clean Clothes Campaign+Living Wage Action Plan,No,Source-000190725,,https://wikirate.org/Clean_Clothes_Campaign+Living_Wage_Action_Plan+Artsana_S_p_A.json,https://wikirate.org/Clean_Clothes_Campaign+Living_Wage_Action_Plan+Artsana_S_p_A+2023.json
JBC NV,2023,Clean Clothes Campaign+Living Wage Action Plan,No,Source-000190725,,https://wikirate.org/Clean_Clothes_Campaign+Living_Wage_Action_Plan+JBC_NV.json,https://wikirate.org/Clean_Clothes_Campaign+Living_Wage_Action_Plan+JBC_NV+2023.json
Reima,2023,Clean Clothes Campaign+Living Wage Action Plan,Partial,Source-000190747,,https://wikirate.org/Clean_Clothes_Campaign+Living_Wage_Action_Plan+Reima.json,https://wikirate.org/Clean_Clothes_Campaign+Living_Wage_Action_Plan+Reima+2023.json
Geox SpA,2023,Clean Clothes Campaign+Living Wage Action Plan,No,Source-000190725,,https://wikirate.org/Clean_Clothes_Campaign+Living_Wage_Action_Plan+Geox_SpA.json,https://wikirate.org/Clean_Clothes_Campaign+Living_Wage_Action_Plan+Geox_SpA+2023.json
Hunkemoller,2023,Clean Clothes Campaign+Living Wage Action Plan,Partial,Source-000190771,,https://wikirate.org/Clean_Clothes_Campaign+Living_Wage_Action_Plan+Hunkemoller.json,https://wikirate.org/Clean_Clothes_Campaign+Living_Wage_Action_Plan+Hunkemoller+2023.json
The Sting B.V.,2023,Clean Clothes Campaign+Living Wage Action Plan,No,Source-000190725,,https://wikirate.org/Clean_Clothes_Campaign+Living_Wage_Action_Plan+The_Sting_B_V.json,https://wikirate.org/Clean_Clothes_Campaign+Living_Wage_Action_Plan+The_Sting_B_V+2023.json
We Europe BV,2023,Clean Clothes Campaign+Living Wage Action Plan,Partial,Source-000190725,,https://wikirate.org/Clean_Clothes_Campaign+Living_Wage_Action_Plan+We_Europe_BV.json,https://wikirate.org/Clean_Clothes_Campaign+Living_Wage_Action_Plan+We_Europe_BV+2023.json
Marimekko,2023,Clean Clothes Campaign+Living Wage Action Plan,No,Source-000190725,,https://wikirate.org/Clean_Clothes_Campaign+Living_Wage_Action_Plan+Marimekko.json,https://wikirate.org/Clean_Clothes_Campaign+Living_Wage_Action_Plan+Marimekko+2023.json
Wibra Supermarkt B.V.,2023,Clean Clothes Campaign+Living Wage Action Plan,No,Source-000190725,,https://wikirate.org/Clean_Clothes_Campaign+Living_Wage_Action_Plan+Wibra_Supermarkt_B_V.json,https://wikirate.org/Clean_Clothes_Campaign+Living_Wage_Action_Plan+Wibra_Supermarkt_B_V+2023.json
Zeeman,2023,Clean Clothes Campaign+Living Wage Action Plan,Yes,Source-000106252,,https://wikirate.org/Clean_Clothes_Campaign+Living_Wage_Action_Plan+Zeeman.json,https://wikirate.org/Clean_Clothes_Campaign+Living_Wage_Action_Plan+Zeeman+2023.json
Van de Velde,2023,Clean Clothes Campaign+Living Wage Action Plan,No,Source-000190725,,https://wikirate.org/Clean_Clothes_Campaign+Living_Wage_Action_Plan+Van_de_Velde.json,https://wikirate.org/Clean_Clothes_Campaign+Living_Wage_Action_Plan+Van_de_Velde+2023.json
The Iconic,2023,Clean Clothes Campaign+Living Wage Action Plan,Yes,Source-000190725,,https://wikirate.org/Clean_Clothes_Campaign+Living_Wage_Action_Plan+The_Iconic.json,https://wikirate.org/Clean_Clothes_Campaign+Living_Wage_Action_Plan+The_Iconic+2023.json
The Just Group,2023,Clean Clothes Campaign+Living Wage Action Plan,Partial,Source-000190776,,https://wikirate.org/Clean_Clothes_Campaign+Living_Wage_Action_Plan+The_Just_Group.json,https://wikirate.org/Clean_Clothes_Campaign+Living_Wage_Action_Plan+The_Just_Group+2023.json
Country Road Group,2023,Clean Clothes Campaign+Living Wage Action Plan,Partial,Source-000165633,,https://wikirate.org/Clean_Clothes_Campaign+Living_Wage_Action_Plan+Country_Road_Group.json,https://wikirate.org/Clean_Clothes_Campaign+Living_Wage_Action_Plan+Country_Road_Group+2023.json
LaDress,2023,Clean Clothes Campaign+Living Wage Action Plan,No,Source-000190725,,https://wikirate.org/Clean_Clothes_Campaign+Living_Wage_Action_Plan+LaDress.json,https://wikirate.org/Clean_Clothes_Campaign+Living_Wage_Action_Plan+LaDress+2023.json
Schijvens,2023,Clean Clothes Campaign+Living Wage Action Plan,Partial,Source-000190775,,https://wikirate.org/Clean_Clothes_Campaign+Living_Wage_Action_Plan+Schijvens.json,https://wikirate.org/Clean_Clothes_Campaign+Living_Wage_Action_Plan+Schijvens+2023.json
Mayerline,2023,Clean Clothes Campaign+Living Wage Action Plan,No,Source-000190725,,https://wikirate.org/Clean_Clothes_Campaign+Living_Wage_Action_Plan+Mayerline.json,https://wikirate.org/Clean_Clothes_Campaign+Living_Wage_Action_Plan+Mayerline+2023.json
Kings Of Indigo,2023,Clean Clothes Campaign+Living Wage Action Plan,No,Source-000190725,,https://wikirate.org/Clean_Clothes_Campaign+Living_Wage_Action_Plan+Kings_Of_Indigo.json,https://wikirate.org/Clean_Clothes_Campaign+Living_Wage_Action_Plan+Kings_Of_Indigo+2023.json
Cassis / Paprika S.A.,2023,Clean Clothes Campaign+Living Wage Action Plan,No,Source-000190725,,https://wikirate.org/Clean_Clothes_Campaign+Living_Wage_Action_Plan+Cassis_Paprika_S_A.json,https://wikirate.org/Clean_Clothes_Campaign+Living_Wage_Action_Plan+Cassis_Paprika_S_A+2023.json
Kuyichi,2023,Clean Clothes Campaign+Living Wage Action Plan,Partial,Source-000190756,,https://wikirate.org/Clean_Clothes_Campaign+Living_Wage_Action_Plan+Kuyichi.json,https://wikirate.org/Clean_Clothes_Campaign+Living_Wage_Action_Plan+Kuyichi+2023.json
Scotch and Soda,2023,Clean Clothes Campaign+Living Wage Action Plan,No,Source-000190725,,https://wikirate.org/Clean_Clothes_Campaign+Living_Wage_Action_Plan+Scotch_and_Soda.json,https://wikirate.org/Clean_Clothes_Campaign+Living_Wage_Action_Plan+Scotch_and_Soda+2023.json
Kesko Corporation,2023,Clean Clothes Campaign+Living Wage Action Plan,No,Source-000190725,,https://wikirate.org/Clean_Clothes_Campaign+Living_Wage_Action_Plan+Kesko_Corporation.json,https://wikirate.org/Clean_Clothes_Campaign+Living_Wage_Action_Plan+Kesko_Corporation+2023.json
Peek & Cloppenburg,2023,Clean Clothes Campaign+Living Wage Action Plan,No,Source-000190725,,https://wikirate.org/Clean_Clothes_Campaign+Living_Wage_Action_Plan+Peek_Cloppenburg.json,https://wikirate.org/Clean_Clothes_Campaign+Living_Wage_Action_Plan+Peek_Cloppenburg+2023.json
Tokmanni,2023,Clean Clothes Campaign+Living Wage Action Plan,No,Source-000190725,,https://wikirate.org/Clean_Clothes_Campaign+Living_Wage_Action_Plan+Tokmanni.json,https://wikirate.org/Clean_Clothes_Campaign+Living_Wage_Action_Plan+Tokmanni+2023.json
e5 mode,2023,Clean Clothes Campaign+Living Wage Action Plan,No,Source-000190725,,https://wikirate.org/Clean_Clothes_Campaign+Living_Wage_Action_Plan+e5_mode.json,https://wikirate.org/Clean_Clothes_Campaign+Living_Wage_Action_Plan+e5_mode+2023.json
Vaude,2023,Clean Clothes Campaign+Living Wage Action Plan,No,Source-000190725,,https://wikirate.org/Clean_Clothes_Campaign+Living_Wage_Action_Plan+Vaude.json,https://wikirate.org/Clean_Clothes_Campaign+Living_Wage_Action_Plan+Vaude+2023.json
Fabrimode NV,2023,Clean Clothes Campaign+Living Wage Action Plan,No,Source-000190725,,https://wikirate.org/Clean_Clothes_Campaign+Living_Wage_Action_Plan+Fabrimode_NV.json,https://wikirate.org/Clean_Clothes_Campaign+Living_Wage_Action_Plan+Fabrimode_NV+2023.json
Oberalp SpA,2023,Clean Clothes Campaign+Living Wage Action Plan,Yes,Source-000190748,,https://wikirate.org/Clean_Clothes_Campaign+Living_Wage_Action_Plan+Oberalp_SpA.json,https://wikirate.org/Clean_Clothes_Campaign+Living_Wage_Action_Plan+Oberalp_SpA+2023.json
PP Retail Group,2023,Clean Clothes Campaign+Living Wage Action Plan,No,Source-000190725,,https://wikirate.org/Clean_Clothes_Campaign+Living_Wage_Action_Plan+PP_Retail_Group.json,https://wikirate.org/Clean_Clothes_Campaign+Living_Wage_Action_Plan+PP_Retail_Group+2023.json
Luhta Sportswear Company,2023,Clean Clothes Campaign+Living Wage Action Plan,No,Source-000190725,,https://wikirate.org/Clean_Clothes_Campaign+Living_Wage_Action_Plan+Luhta_Sportswear_Company.json,https://wikirate.org/Clean_Clothes_Campaign+Living_Wage_Action_Plan+Luhta_Sportswear_Company+2023.json
Naura Group B.V.,2023,Clean Clothes Campaign+Living Wage Action Plan,No,Source-000190725,,https://wikirate.org/Clean_Clothes_Campaign+Living_Wage_Action_Plan+Naura_Group_B_V.json,https://wikirate.org/Clean_Clothes_Campaign+Living_Wage_Action_Plan+Naura_Group_B_V+2023.json
Falc S.p.a.,2023,Clean Clothes Campaign+Living Wage Action Plan,No,Source-000190725,,https://wikirate.org/Clean_Clothes_Campaign+Living_Wage_Action_Plan+Falc_S_p_a.json,https://wikirate.org/Clean_Clothes_Campaign+Living_Wage_Action_Plan+Falc_S_p_a+2023.json
Sogesma SA,2023,Clean Clothes Campaign+Living Wage Action Plan,No,Source-000190725,,https://wikirate.org/Clean_Clothes_Campaign+Living_Wage_Action_Plan+Sogesma_SA.json,https://wikirate.org/Clean_Clothes_Campaign+Living_Wage_Action_Plan+Sogesma_SA+2023.json
ZEB (The Fashion Society NV),2023,Clean Clothes Campaign+Living Wage Action Plan,No,Source-000190725,,https://wikirate.org/Clean_Clothes_Campaign+Living_Wage_Action_Plan+ZEB_The_Fashion_Society_NV.json,https://wikirate.org/Clean_Clothes_Campaign+Living_Wage_Action_Plan+ZEB_The_Fashion_Society_NV+2023.json
Veritas NV,2023,Clean Clothes Campaign+Living Wage Action Plan,No,Source-000190725,,https://wikirate.org/Clean_Clothes_Campaign+Living_Wage_Action_Plan+Veritas_NV.json,https://wikirate.org/Clean_Clothes_Campaign+Living_Wage_Action_Plan+Veritas_NV+2023.json
Daily Paper Holding B.V.,2023,Clean Clothes Campaign+Living Wage Action Plan,No,Source-000190725,,https://wikirate.org/Clean_Clothes_Campaign+Living_Wage_Action_Plan+Daily_Paper_Holding_B_V.json,https://wikirate.org/Clean_Clothes_Campaign+Living_Wage_Action_Plan+Daily_Paper_Holding_B_V+2023.json
Wehkamp Retail Group Holding B.V.,2023,Clean Clothes Campaign+Living Wage Action Plan,No,Source-000190725,,https://wikirate.org/Clean_Clothes_Campaign+Living_Wage_Action_Plan+Wehkamp_Retail_Group_Holding_B_V.json,https://wikirate.org/Clean_Clothes_Campaign+Living_Wage_Action_Plan+Wehkamp_Retail_Group_Holding_B_V+2023.json
Chiquelle AB,2023,Clean Clothes Campaign+Living Wage Action Plan,No,Source-000190725,,https://wikirate.org/Clean_Clothes_Campaign+Living_Wage_Action_Plan+Chiquelle_AB.json,https://wikirate.org/Clean_Clothes_Campaign+Living_Wage_Action_Plan+Chiquelle_AB+2023.json
Essentiel Antwerp,2023,Clean Clothes Campaign+Living Wage Action Plan,No,Source-000190725,,https://wikirate.org/Clean_Clothes_Campaign+Living_Wage_Action_Plan+Essentiel_Antwerp.json,https://wikirate.org/Clean_Clothes_Campaign+Living_Wage_Action_Plan+Essentiel_Antwerp+2023.json
NA-KD (Nakdcom One World AB),2023,Clean Clothes Campaign+Living Wage Action Plan,No,Source-000190725,,https://wikirate.org/Clean_Clothes_Campaign+Living_Wage_Action_Plan+NA_KD_Nakdcom_One_World_AB.json,https://wikirate.org/Clean_Clothes_Campaign+Living_Wage_Action_Plan+NA_KD_Nakdcom_One_World_AB+2023.json
BEST & LESS GROUP PTY LTD,2023,Clean Clothes Campaign+Living Wage Action Plan,No,Source-000190725,,https://wikirate.org/Clean_Clothes_Campaign+Living_Wage_Action_Plan+BEST_LESS_GROUP_PTY_LTD.json,https://wikirate.org/Clean_Clothes_Campaign+Living_Wage_Action_Plan+BEST_LESS_GROUP_PTY_LTD+2023.json
FOREVER NEW CLOTHING PTY LTD,2023,Clean Clothes Campaign+Living Wage Action Plan,Yes,Source-000190725,,https://wikirate.org/Clean_Clothes_Campaign+Living_Wage_Action_Plan+FOREVER_NEW_CLOTHING_PTY_LTD.json,https://wikirate.org/Clean_Clothes_Campaign+Living_Wage_Action_Plan+FOREVER_NEW_CLOTHING_PTY_LTD+2023.json
MOSAIC BRANDS LIMITED,2023,Clean Clothes Campaign+Living Wage Action Plan,Yes,Source-000190750,,https://wikirate.org/Clean_Clothes_Campaign+Living_Wage_Action_Plan+MOSAIC_BRANDS_LIMITED.json,https://wikirate.org/Clean_Clothes_Campaign+Living_Wage_Action_Plan+MOSAIC_BRANDS_LIMITED+2023.json
Livera B.V.,2023,Clean Clothes Campaign+Living Wage Action Plan,No,Source-000190725,,https://wikirate.org/Clean_Clothes_Campaign+Living_Wage_Action_Plan+Livera_B_V.json,https://wikirate.org/Clean_Clothes_Campaign+Living_Wage_Action_Plan+Livera_B_V+2023.json
Prenatal Moeder en Kind B.V.,2023,Clean Clothes Campaign+Living Wage Action Plan,No,Source-000190725,,https://wikirate.org/Clean_Clothes_Campaign+Living_Wage_Action_Plan+Prenatal_Moeder_en_Kind_B_V.json,https://wikirate.org/Clean_Clothes_Campaign+Living_Wage_Action_Plan+Prenatal_Moeder_en_Kind_B_V+2023.json
Sogesma SA,2022,Clean Clothes Campaign+Living Wage Action Plan,No,Source-000165598,Data collected by Clean Clothes Campaign through brand surveys as part of the Fashion Checker project. Clean Clothes Campaign[https://wikirate.org/Clean_Clothes_Campaign].....2022-08-26 16:27:41 UTC,https://wikirate.org/Clean_Clothes_Campaign+Living_Wage_Action_Plan+Sogesma_SA.json,https://wikirate.org/Clean_Clothes_Campaign+Living_Wage_Action_Plan+Sogesma_SA+2022.json
JBC NV,2022,Clean Clothes Campaign+Living Wage Action Plan,No,Source-000165598,Data collected by Clean Clothes Campaign through brand surveys as part of the Fashion Checker project. Clean Clothes Campaign[https://wikirate.org/Clean_Clothes_Campaign].....2022-08-26 16:06:28 UTC,https://wikirate.org/Clean_Clothes_Campaign+Living_Wage_Action_Plan+JBC_NV.json,https://wikirate.org/Clean_Clothes_Campaign+Living_Wage_Action_Plan+JBC_NV+2022.json
Missguided Limited,2022,Clean Clothes Campaign+Living Wage Action Plan,No,Source-000165598,Data collected by Clean Clothes Campaign through brand surveys as part of the Fashion Checker project. Clean Clothes Campaign[https://wikirate.org/Clean_Clothes_Campaign].....2022-08-26 16:30:15 UTC,https://wikirate.org/Clean_Clothes_Campaign+Living_Wage_Action_Plan+Missguided_Limited.json,https://wikirate.org/Clean_Clothes_Campaign+Living_Wage_Action_Plan+Missguided_Limited+2022.json
Reima,2022,Clean Clothes Campaign+Living Wage Action Plan,No,Source-000165598,Data collected by Clean Clothes Campaign through brand surveys as part of the Fashion Checker project. Clean Clothes Campaign[https://wikirate.org/Clean_Clothes_Campaign].....2022-08-26 16:00:19 UTC,https://wikirate.org/Clean_Clothes_Campaign+Living_Wage_Action_Plan+Reima.json,https://wikirate.org/Clean_Clothes_Campaign+Living_Wage_Action_Plan+Reima+2022.json
Naura Group B.V.,2022,Clean Clothes Campaign+Living Wage Action Plan,No,Source-000165598,Data collected by Clean Clothes Campaign through brand surveys as part of the Fashion Checker project. Clean Clothes Campaign[https://wikirate.org/Clean_Clothes_Campaign].....2022-08-26 16:19:24 UTC,https://wikirate.org/Clean_Clothes_Campaign+Living_Wage_Action_Plan+Naura_Group_B_V.json,https://wikirate.org/Clean_Clothes_Campaign+Living_Wage_Action_Plan+Naura_Group_B_V+2022.json
Geox SpA,2022,Clean Clothes Campaign+Living Wage Action Plan,No,Source-000165598,Data collected by Clean Clothes Campaign through brand surveys as part of the Fashion Checker project. Clean Clothes Campaign[https://wikirate.org/Clean_Clothes_Campaign].....2022-08-26 16:29:23 UTC,https://wikirate.org/Clean_Clothes_Campaign+Living_Wage_Action_Plan+Geox_SpA.json,https://wikirate.org/Clean_Clothes_Campaign+Living_Wage_Action_Plan+Geox_SpA+2022.json
ZEB (The Fashion Society NV),2022,Clean Clothes Campaign+Living Wage Action Plan,No,Source-000165598,Data collected by Clean Clothes Campaign through brand surveys as part of the Fashion Checker project. Clean Clothes Campaign[https://wikirate.org/Clean_Clothes_Campaign].....2022-08-26 16:25:12 UTC,https://wikirate.org/Clean_Clothes_Campaign+Living_Wage_Action_Plan+ZEB_The_Fashion_Society_NV.json,https://wikirate.org/Clean_Clothes_Campaign+Living_Wage_Action_Plan+ZEB_The_Fashion_Society_NV+2022.json
The Sting B.V.,2022,Clean Clothes Campaign+Living Wage Action Plan,No,Source-000165598,Data collected by Clean Clothes Campaign through brand surveys as part of the Fashion Checker project. Clean Clothes Campaign[https://wikirate.org/Clean_Clothes_Campaign].....2022-08-26 16:16:29 UTC,https://wikirate.org/Clean_Clothes_Campaign+Living_Wage_Action_Plan+The_Sting_B_V.json,https://wikirate.org/Clean_Clothes_Campaign+Living_Wage_Action_Plan+The_Sting_B_V+2022.json
We Europe BV,2022,Clean Clothes Campaign+Living Wage Action Plan,Partial,"Source-000165616
Source-000165598",Data collected by Clean Clothes Campaign through brand surveys as part of the Fashion Checker project. Clean Clothes Campaign[https://wikirate.org/Clean_Clothes_Campaign].....2022-08-26 15:58:23 UTC,https://wikirate.org/Clean_Clothes_Campaign+Living_Wage_Action_Plan+We_Europe_BV.json,https://wikirate.org/Clean_Clothes_Campaign+Living_Wage_Action_Plan+We_Europe_BV+2022.json
Veritas NV,2022,Clean Clothes Campaign+Living Wage Action Plan,No,Source-000165598,Data collected by Clean Clothes Campaign through brand surveys as part of the Fashion Checker project. Clean Clothes Campaign[https://wikirate.org/Clean_Clothes_Campaign].....2022-08-26 16:26:02 UTC,https://wikirate.org/Clean_Clothes_Campaign+Living_Wage_Action_Plan+Veritas_NV.json,https://wikirate.org/Clean_Clothes_Campaign+Living_Wage_Action_Plan+Veritas_NV+2022.json
Daily Paper Holding B.V.,2022,Clean Clothes Campaign+Living Wage Action Plan,No,Source-000165598,Data collected by Clean Clothes Campaign through brand surveys as part of the Fashion Checker project. Clean Clothes Campaign[https://wikirate.org/Clean_Clothes_Campaign].....2022-08-26 16:20:12 UTC,https://wikirate.org/Clean_Clothes_Campaign+Living_Wage_Action_Plan+Daily_Paper_Holding_B_V.json,https://wikirate.org/Clean_Clothes_Campaign+Living_Wage_Action_Plan+Daily_Paper_Holding_B_V+2022.json
Marimekko,2022,Clean Clothes Campaign+Living Wage Action Plan,No,Source-000165598,Data collected by Clean Clothes Campaign through brand surveys as part of the Fashion Checker project. Clean Clothes Campaign[https://wikirate.org/Clean_Clothes_Campaign].....2022-08-26 15:59:29 UTC,https://wikirate.org/Clean_Clothes_Campaign+Living_Wage_Action_Plan+Marimekko.json,https://wikirate.org/Clean_Clothes_Campaign+Living_Wage_Action_Plan+Marimekko+2022.json
Wibra Supermarkt B.V.,2022,Clean Clothes Campaign+Living Wage Action Plan,No,Source-000165598,Data collected by Clean Clothes Campaign through brand surveys as part of the Fashion Checker project. Clean Clothes Campaign[https://wikirate.org/Clean_Clothes_Campaign].....2022-08-26 16:15:12 UTC,https://wikirate.org/Clean_Clothes_Campaign+Living_Wage_Action_Plan+Wibra_Supermarkt_B_V.json,https://wikirate.org/Clean_Clothes_Campaign+Living_Wage_Action_Plan+Wibra_Supermarkt_B_V+2022.json
Chiquelle AB,2022,Clean Clothes Campaign+Living Wage Action Plan,No,Source-000165598,Data collected by Clean Clothes Campaign through brand surveys as part of the Fashion Checker project. Clean Clothes Campaign[https://wikirate.org/Clean_Clothes_Campaign].....2022-08-26 16:33:35 UTC,https://wikirate.org/Clean_Clothes_Campaign+Living_Wage_Action_Plan+Chiquelle_AB.json,https://wikirate.org/Clean_Clothes_Campaign+Living_Wage_Action_Plan+Chiquelle_AB+2022.json
NA-KD (Nakdcom One World AB),2022,Clean Clothes Campaign+Living Wage Action Plan,No,Source-000165598,Data collected by Clean Clothes Campaign through brand surveys as part of the Fashion Checker project. Clean Clothes Campaign[https://wikirate.org/Clean_Clothes_Campaign].....2022-08-26 15:53:59 UTC,https://wikirate.org/Clean_Clothes_Campaign+Living_Wage_Action_Plan+NA_KD_Nakdcom_One_World_AB.json,https://wikirate.org/Clean_Clothes_Campaign+Living_Wage_Action_Plan+NA_KD_Nakdcom_One_World_AB+2022.json
Van de Velde,2022,Clean Clothes Campaign+Living Wage Action Plan,No,Source-000165598,Data collected by Clean Clothes Campaign through brand surveys as part of the Fashion Checker project. Clean Clothes Campaign[https://wikirate.org/Clean_Clothes_Campaign].....2022-08-26 16:32:55 UTC,https://wikirate.org/Clean_Clothes_Campaign+Living_Wage_Action_Plan+Van_de_Velde.json,https://wikirate.org/Clean_Clothes_Campaign+Living_Wage_Action_Plan+Van_de_Velde+2022.json
The Iconic,2022,Clean Clothes Campaign+Living Wage Action Plan,No,Source-000165598,Data collected by Clean Clothes Campaign through brand surveys as part of the Fashion Checker project. Clean Clothes Campaign[https://wikirate.org/Clean_Clothes_Campaign].....2022-08-26 16:09:09 UTC,https://wikirate.org/Clean_Clothes_Campaign+Living_Wage_Action_Plan+The_Iconic.json,https://wikirate.org/Clean_Clothes_Campaign+Living_Wage_Action_Plan+The_Iconic+2022.json
BEST & LESS GROUP PTY LTD,2022,Clean Clothes Campaign+Living Wage Action Plan,Partial,Source-000165598,Data collected by Clean Clothes Campaign through brand surveys as part of the Fashion Checker project. Clean Clothes Campaign[https://wikirate.org/Clean_Clothes_Campaign].....2022-08-26 16:13:32 UTC,https://wikirate.org/Clean_Clothes_Campaign+Living_Wage_Action_Plan+BEST_LESS_GROUP_PTY_LTD.json,https://wikirate.org/Clean_Clothes_Campaign+Living_Wage_Action_Plan+BEST_LESS_GROUP_PTY_LTD+2022.json
Country Road Group,2022,Clean Clothes Campaign+Living Wage Action Plan,No,Source-000165598,Data collected by Clean Clothes Campaign through brand surveys as part of the Fashion Checker project. Clean Clothes Campaign[https://wikirate.org/Clean_Clothes_Campaign].....2022-08-26 16:14:23 UTC,https://wikirate.org/Clean_Clothes_Campaign+Living_Wage_Action_Plan+Country_Road_Group.json,https://wikirate.org/Clean_Clothes_Campaign+Living_Wage_Action_Plan+Country_Road_Group+2022.json
FOREVER NEW CLOTHING PTY LTD,2022,Clean Clothes Campaign+Living Wage Action Plan,Partial,"Source-000109330
Source-000165598",Data collected by Clean Clothes Campaign through brand surveys as part of the Fashion Checker project. Clean Clothes Campaign[https://wikirate.org/Clean_Clothes_Campaign].....2022-08-26 16:10:03 UTC,https://wikirate.org/Clean_Clothes_Campaign+Living_Wage_Action_Plan+FOREVER_NEW_CLOTHING_PTY_LTD.json,https://wikirate.org/Clean_Clothes_Campaign+Living_Wage_Action_Plan+FOREVER_NEW_CLOTHING_PTY_LTD+2022.json
LaDress,2022,Clean Clothes Campaign+Living Wage Action Plan,No,Source-000165598,Data collected by Clean Clothes Campaign through brand surveys as part of the Fashion Checker project. Clean Clothes Campaign[https://wikirate.org/Clean_Clothes_Campaign].....2022-08-26 16:17:45 UTC,https://wikirate.org/Clean_Clothes_Campaign+Living_Wage_Action_Plan+LaDress.json,https://wikirate.org/Clean_Clothes_Campaign+Living_Wage_Action_Plan+LaDress+2022.json
MOSAIC BRANDS LIMITED,2022,Clean Clothes Campaign+Living Wage Action Plan,Partial,Source-000165598,Data collected by Clean Clothes Campaign through brand surveys as part of the Fashion Checker project. Clean Clothes Campaign[https://wikirate.org/Clean_Clothes_Campaign].....2022-08-26 16:05:29 UTC,https://wikirate.org/Clean_Clothes_Campaign+Living_Wage_Action_Plan+MOSAIC_BRANDS_LIMITED.json,https://wikirate.org/Clean_Clothes_Campaign+Living_Wage_Action_Plan+MOSAIC_BRANDS_LIMITED+2022.json
Gymshark Limited,2022,Clean Clothes Campaign+Living Wage Action Plan,No,Source-000165598,Data collected by Clean Clothes Campaign through brand surveys as part of the Fashion Checker project. Clean Clothes Campaign[https://wikirate.org/Clean_Clothes_Campaign].....2022-08-26 16:21:56 UTC,https://wikirate.org/Clean_Clothes_Campaign+Living_Wage_Action_Plan+Gymshark_Limited.json,https://wikirate.org/Clean_Clothes_Campaign+Living_Wage_Action_Plan+Gymshark_Limited+2022.json
Prenatal Moeder en Kind B.V.,2022,Clean Clothes Campaign+Living Wage Action Plan,Partial,"Source-000165631
Source-000165598",Data collected by Clean Clothes Campaign through brand surveys as part of the Fashion Checker project. Clean Clothes Campaign[https://wikirate.org/Clean_Clothes_Campaign].....2022-08-26 16:11:50 UTC,https://wikirate.org/Clean_Clothes_Campaign+Living_Wage_Action_Plan+Prenatal_Moeder_en_Kind_B_V.json,https://wikirate.org/Clean_Clothes_Campaign+Living_Wage_Action_Plan+Prenatal_Moeder_en_Kind_B_V+2022.json
Mayerline,2022,Clean Clothes Campaign+Living Wage Action Plan,No,Source-000165598,Data collected by Clean Clothes Campaign through brand surveys as part of the Fashion Checker project. Clean Clothes Campaign[https://wikirate.org/Clean_Clothes_Campaign].....2022-08-26 16:07:26 UTC,https://wikirate.org/Clean_Clothes_Campaign+Living_Wage_Action_Plan+Mayerline.json,https://wikirate.org/Clean_Clothes_Campaign+Living_Wage_Action_Plan+Mayerline+2022.json
Kings Of Indigo,2022,Clean Clothes Campaign+Living Wage Action Plan,No,Source-000165598,Data collected by Clean Clothes Campaign through brand surveys as part of the Fashion Checker project. Clean Clothes Campaign[https://wikirate.org/Clean_Clothes_Campaign].....2022-08-26 16:18:26 UTC Data collected by Clean Clothes Campaign through brand surveys as part of the Fashion Checker project. Clean Clothes Campaign[https://wikirate.org/Clean_Clothes_Campaign].....2022-09-01 13:35:01 UTC,https://wikirate.org/Clean_Clothes_Campaign+Living_Wage_Action_Plan+Kings_Of_Indigo.json,https://wikirate.org/Clean_Clothes_Campaign+Living_Wage_Action_Plan+Kings_Of_Indigo+2022.json
Cassis / Paprika S.A.,2022,Clean Clothes Campaign+Living Wage Action Plan,No,Source-000165598,Data collected by Clean Clothes Campaign through brand surveys as part of the Fashion Checker project. Clean Clothes Campaign[https://wikirate.org/Clean_Clothes_Campaign].....2022-08-26 16:26:45 UTC,https://wikirate.org/Clean_Clothes_Campaign+Living_Wage_Action_Plan+Cassis_Paprika_S_A.json,https://wikirate.org/Clean_Clothes_Campaign+Living_Wage_Action_Plan+Cassis_Paprika_S_A+2022.json
Tokmanni,2022,Clean Clothes Campaign+Living Wage Action Plan,No,Source-000165598,Data collected by Clean Clothes Campaign through brand surveys as part of the Fashion Checker project. Clean Clothes Campaign[https://wikirate.org/Clean_Clothes_Campaign].....2022-08-26 15:55:12 UTC,https://wikirate.org/Clean_Clothes_Campaign+Living_Wage_Action_Plan+Tokmanni.json,https://wikirate.org/Clean_Clothes_Campaign+Living_Wage_Action_Plan+Tokmanni+2022.json
PP Retail Group,2022,Clean Clothes Campaign+Living Wage Action Plan,No,Source-000165598,Data collected by Clean Clothes Campaign through brand surveys as part of the Fashion Checker project. Clean Clothes Campaign[https://wikirate.org/Clean_Clothes_Campaign].....2022-08-26 16:31:53 UTC,https://wikirate.org/Clean_Clothes_Campaign+Living_Wage_Action_Plan+PP_Retail_Group.json,https://wikirate.org/Clean_Clothes_Campaign+Living_Wage_Action_Plan+PP_Retail_Group+2022.json
Peek & Cloppenburg,2022,Clean Clothes Campaign+Living Wage Action Plan,No,Source-000165598,Data collected by Clean Clothes Campaign through brand surveys as part of the Fashion Checker project. Clean Clothes Campaign[https://wikirate.org/Clean_Clothes_Campaign].....2022-08-26 16:31:03 UTC,https://wikirate.org/Clean_Clothes_Campaign+Living_Wage_Action_Plan+Peek_Cloppenburg.json,https://wikirate.org/Clean_Clothes_Campaign+Living_Wage_Action_Plan+Peek_Cloppenburg+2022.json
Kesko Corporation,2022,Clean Clothes Campaign+Living Wage Action Plan,No,Source-000165598,Data collected by Clean Clothes Campaign through brand surveys as part of the Fashion Checker project. Clean Clothes Campaign[https://wikirate.org/Clean_Clothes_Campaign].....2022-08-26 15:57:23 UTC,https://wikirate.org/Clean_Clothes_Campaign+Living_Wage_Action_Plan+Kesko_Corporation.json,https://wikirate.org/Clean_Clothes_Campaign+Living_Wage_Action_Plan+Kesko_Corporation+2022.json
BALR. BV,2022,Clean Clothes Campaign+Living Wage Action Plan,No,Source-000165598,Data collected by Clean Clothes Campaign through brand surveys as part of the Fashion Checker project. Clean Clothes Campaign[https://wikirate.org/Clean_Clothes_Campaign].....2022-08-26 16:21:05 UTC,https://wikirate.org/Clean_Clothes_Campaign+Living_Wage_Action_Plan+BALR_BV.json,https://wikirate.org/Clean_Clothes_Campaign+Living_Wage_Action_Plan+BALR_BV+2022.json
Artsana S.p.A.,2022,Clean Clothes Campaign+Living Wage Action Plan,No,Source-000165598,Data collected by Clean Clothes Campaign through brand surveys as part of the Fashion Checker project. Clean Clothes Campaign[https://wikirate.org/Clean_Clothes_Campaign].....2022-08-26 16:24:24 UTC,https://wikirate.org/Clean_Clothes_Campaign+Living_Wage_Action_Plan+Artsana_S_p_A.json,https://wikirate.org/Clean_Clothes_Campaign+Living_Wage_Action_Plan+Artsana_S_p_A+2022.json
NP Fashion,2022,Clean Clothes Campaign+Living Wage Action Plan,No,Source-000165598,Data collected by Clean Clothes Campaign through brand surveys as part of the Fashion Checker project. Clean Clothes Campaign[https://wikirate.org/Clean_Clothes_Campaign].....2022-08-26 16:17:08 UTC,https://wikirate.org/Clean_Clothes_Campaign+Living_Wage_Action_Plan+NP_Fashion.json,https://wikirate.org/Clean_Clothes_Campaign+Living_Wage_Action_Plan+NP_Fashion+2022.json
Essentiel Antwerp,2022,Clean Clothes Campaign+Living Wage Action Plan,No,Source-000165598,Data collected by Clean Clothes Campaign through brand surveys as part of the Fashion Checker project. Clean Clothes Campaign[https://wikirate.org/Clean_Clothes_Campaign].....2022-08-26 16:23:33 UTC,https://wikirate.org/Clean_Clothes_Campaign+Living_Wage_Action_Plan+Essentiel_Antwerp.json,https://wikirate.org/Clean_Clothes_Campaign+Living_Wage_Action_Plan+Essentiel_Antwerp+2022.json
Fabrimode NV,2022,Clean Clothes Campaign+Living Wage Action Plan,No,Source-000165598,Data collected by Clean Clothes Campaign through brand surveys as part of the Fashion Checker project. Clean Clothes Campaign[https://wikirate.org/Clean_Clothes_Campaign].....2022-08-26 16:08:17 UTC,https://wikirate.org/Clean_Clothes_Campaign+Living_Wage_Action_Plan+Fabrimode_NV.json,https://wikirate.org/Clean_Clothes_Campaign+Living_Wage_Action_Plan+Fabrimode_NV+2022.json
ECG nv,2022,Clean Clothes Campaign+Living Wage Action Plan,No,Source-000165598,Data collected by Clean Clothes Campaign through brand surveys as part of the Fashion Checker project. Clean Clothes Campaign[https://wikirate.org/Clean_Clothes_Campaign].....2022-08-26 16:22:45 UTC,https://wikirate.org/Clean_Clothes_Campaign+Living_Wage_Action_Plan+ECG_nv.json,https://wikirate.org/Clean_Clothes_Campaign+Living_Wage_Action_Plan+ECG_nv+2022.json
FOREVER NEW CLOTHING PTY LTD,2022,Clean Clothes Campaign+Living Wage Action Plan,Partial,"Source-000109330
Source-000165598",Data collected by Clean Clothes Campaign through brand surveys as part of the Fashion Checker project. Clean Clothes Campaign[https://wikirate.org/Clean_Clothes_Campaign].....2022-08-26 16:10:03 UTC,https://wikirate.org/Clean_Clothes_Campaign+Living_Wage_Action_Plan+FOREVER_NEW_CLOTHING_PTY_LTD.json,https://wikirate.org/Clean_Clothes_Campaign+Living_Wage_Action_Plan+FOREVER_NEW_CLOTHING_PTY_LTD+2022.json
BEST & LESS GROUP PTY LTD,2022,Clean Clothes Campaign+Living Wage Action Plan,Partial,Source-000165598,Data collected by Clean Clothes Campaign through brand surveys as part of the Fashion Checker project. Clean Clothes Campaign[https://wikirate.org/Clean_Clothes_Campaign].....2022-08-26 16:13:32 UTC,https://wikirate.org/Clean_Clothes_Campaign+Living_Wage_Action_Plan+BEST_LESS_GROUP_PTY_LTD.json,https://wikirate.org/Clean_Clothes_Campaign+Living_Wage_Action_Plan+BEST_LESS_GROUP_PTY_LTD+2022.json
NA-KD (Nakdcom One World AB),2022,Clean Clothes Campaign+Living Wage Action Plan,No,Source-000165598,Data collected by Clean Clothes Campaign through brand surveys as part of the Fashion Checker project. Clean Clothes Campaign[https://wikirate.org/Clean_Clothes_Campaign].....2022-08-26 15:53:59 UTC,https://wikirate.org/Clean_Clothes_Campaign+Living_Wage_Action_Plan+NA_KD_Nakdcom_One_World_AB.json,https://wikirate.org/Clean_Clothes_Campaign+Living_Wage_Action_Plan+NA_KD_Nakdcom_One_World_AB+2022.json
Chiquelle AB,2022,Clean Clothes Campaign+Living Wage Action Plan,No,Source-000165598,Data collected by Clean Clothes Campaign through brand surveys as part of the Fashion Checker project. Clean Clothes Campaign[https://wikirate.org/Clean_Clothes_Campaign].....2022-08-26 16:33:35 UTC,https://wikirate.org/Clean_Clothes_Campaign+Living_Wage_Action_Plan+Chiquelle_AB.json,https://wikirate.org/Clean_Clothes_Campaign+Living_Wage_Action_Plan+Chiquelle_AB+2022.json
Daily Paper Holding B.V.,2022,Clean Clothes Campaign+Living Wage Action Plan,No,Source-000165598,Data collected by Clean Clothes Campaign through brand surveys as part of the Fashion Checker project. Clean Clothes Campaign[https://wikirate.org/Clean_Clothes_Campaign].....2022-08-26 16:20:12 UTC,https://wikirate.org/Clean_Clothes_Campaign+Living_Wage_Action_Plan+Daily_Paper_Holding_B_V.json,https://wikirate.org/Clean_Clothes_Campaign+Living_Wage_Action_Plan+Daily_Paper_Holding_B_V+2022.json
Veritas NV,2022,Clean Clothes Campaign+Living Wage Action Plan,No,Source-000165598,Data collected by Clean Clothes Campaign through brand surveys as part of the Fashion Checker project. Clean Clothes Campaign[https://wikirate.org/Clean_Clothes_Campaign].....2022-08-26 16:26:02 UTC,https://wikirate.org/Clean_Clothes_Campaign+Living_Wage_Action_Plan+Veritas_NV.json,https://wikirate.org/Clean_Clothes_Campaign+Living_Wage_Action_Plan+Veritas_NV+2022.json
ZEB (The Fashion Society NV),2022,Clean Clothes Campaign+Living Wage Action Plan,No,Source-000165598,Data collected by Clean Clothes Campaign through brand surveys as part of the Fashion Checker project. Clean Clothes Campaign[https://wikirate.org/Clean_Clothes_Campaign].....2022-08-26 16:25:12 UTC,https://wikirate.org/Clean_Clothes_Campaign+Living_Wage_Action_Plan+ZEB_The_Fashion_Society_NV.json,https://wikirate.org/Clean_Clothes_Campaign+Living_Wage_Action_Plan+ZEB_The_Fashion_Society_NV+2022.json
Naura Group B.V.,2022,Clean Clothes Campaign+Living Wage Action Plan,No,Source-000165598,Data collected by Clean Clothes Campaign through brand surveys as part of the Fashion Checker project. Clean Clothes Campaign[https://wikirate.org/Clean_Clothes_Campaign].....2022-08-26 16:19:24 UTC,https://wikirate.org/Clean_Clothes_Campaign+Living_Wage_Action_Plan+Naura_Group_B_V.json,https://wikirate.org/Clean_Clothes_Campaign+Living_Wage_Action_Plan+Naura_Group_B_V+2022.json
Aldi Sud,2021,Clean Clothes Campaign+Living Wage Action Plan,No,Source-000091807,has no public plan describing how to improve wages for workers across its supplier network. 07:34:14 UTC Clean Clothes Campaign[https://wikirate.org/Clean_Clothes_Campaign].....2021-08-24 11:16:41 UTC,https://wikirate.org/Clean_Clothes_Campaign+Living_Wage_Action_Plan+Aldi_Sud.json,https://wikirate.org/Clean_Clothes_Campaign+Living_Wage_Action_Plan+Aldi_Sud+2021.json
Tesco PLC,2021,Clean Clothes Campaign+Living Wage Action Plan,Partial,Source-000091807,"www.actonlivingwages.com[http://www.actonlivingwages.com][http://www.actonlivingwages.com] 18:39:41 UTC says it is working on improving wages for workers across its supplier network. However, it does not meet all elements of a public, time-bound action plan. www.actonlivingwages.com[http://www.actonlivingwages.com][http://www.actonlivingwages.com] 07:36:21 UTC Clean Clothes Campaign[https://wikirate.org/Clean_Clothes_Campaign].....2021-08-24 11:16:44 UTC",https://wikirate.org/Clean_Clothes_Campaign+Living_Wage_Action_Plan+Tesco_PLC.json,https://wikirate.org/Clean_Clothes_Campaign+Living_Wage_Action_Plan+Tesco_PLC+2021.json
Inditex,2021,Clean Clothes Campaign+Living Wage Action Plan,Partial,Source-000091807,"https://www.inditex.com/en/our-commitment-to-people/our-suppliers/workers-at-thecenter/fundamental-rights-at-work/living-wages 18:39:31 UTC says it is working on improving wages for workers across its supplier network. However, it does not meet all elements of a public, time-bound action plan. https://www.inditex.com/en/our-commitment-to-people/our-suppliers/workers-at-thecenter/fundamental-rights-at-work/living-wages 07:36:48 UTC Clean Clothes Campaign[https://wikirate.org/Clean_Clothes_Campaign].....2021-08-24 11:16:42 UTC",https://wikirate.org/Clean_Clothes_Campaign+Living_Wage_Action_Plan+Inditex.json,https://wikirate.org/Clean_Clothes_Campaign+Living_Wage_Action_Plan+Inditex+2021.json
Primark,2021,Clean Clothes Campaign+Living Wage Action Plan,Partial,Source-000091807,"https://actonlivingwages.com/memorandum-of-understanding/ 18:39:39 UTC says it is working on improving wages for workers across its supplier network. However, it does not meet all elements of a public, time-bound action plan. https://actonlivingwages.com/memorandum-of-understanding/ 07:36:02 UTC Clean Clothes Campaign[https://wikirate.org/Clean_Clothes_Campaign].....2021-08-24 11:16:43 UTC",https://wikirate.org/Clean_Clothes_Campaign+Living_Wage_Action_Plan+Primark.json,https://wikirate.org/Clean_Clothes_Campaign+Living_Wage_Action_Plan+Primark+2021.json
Gap inc.,2021,Clean Clothes Campaign+Living Wage Action Plan,No,Source-000091807,has no public plan describing how to improve wages for workers across its supplier network. 07:35:03 UTC Clean Clothes Campaign[https://wikirate.org/Clean_Clothes_Campaign].....2021-08-24 11:16:32 UTC,https://wikirate.org/Clean_Clothes_Campaign+Living_Wage_Action_Plan+Gap_inc.json,https://wikirate.org/Clean_Clothes_Campaign+Living_Wage_Action_Plan+Gap_inc+2021.json
Levi Strauss & Co.,2021,Clean Clothes Campaign+Living Wage Action Plan,No,Source-000091807,has no public plan describing how to improve wages for workers across its supplier network. 07:35:27 UTC Clean Clothes Campaign[https://wikirate.org/Clean_Clothes_Campaign].....2021-08-24 11:16:32 UTC,https://wikirate.org/Clean_Clothes_Campaign+Living_Wage_Action_Plan+Levi_Strauss_Co.json,https://wikirate.org/Clean_Clothes_Campaign+Living_Wage_Action_Plan+Levi_Strauss_Co+2021.json
H&M,2021,Clean Clothes Campaign+Living Wage Action Plan,Partial,Source-000091807,"https://about.hm.com/en/sustainability/sustainable-fashion/wages.html 18:39:30 UTC says it is working on improving wages for workers across its supplier network. However, it does not meet all elements of a public, time-bound action plan. https://about.hm.com/en/sustainability/sustainable-fashion/wages.html 07:35:09 UTC Clean Clothes Campaign[https://wikirate.org/Clean_Clothes_Campaign].....2021-08-24 11:16:42 UTC",https://wikirate.org/Clean_Clothes_Campaign+Living_Wage_Action_Plan+H_M.json,https://wikirate.org/Clean_Clothes_Campaign+Living_Wage_Action_Plan+H_M+2021.json
Nike Inc.,2021,Clean Clothes Campaign+Living Wage Action Plan,No,Source-000091807,has no public plan describing how to improve wages for workers across its supplier network. 07:35:48 UTC Clean Clothes Campaign[https://wikirate.org/Clean_Clothes_Campaign].....2021-08-24 11:16:33 UTC,https://wikirate.org/Clean_Clothes_Campaign+Living_Wage_Action_Plan+Nike_Inc.json,https://wikirate.org/Clean_Clothes_Campaign+Living_Wage_Action_Plan+Nike_Inc+2021.json
Adidas AG,2021,Clean Clothes Campaign+Living Wage Action Plan,No,Source-000091807,has no public plan describing how to improve wages for workers across its supplier network. 07:34:12 UTC Clean Clothes Campaign[https://wikirate.org/Clean_Clothes_Campaign].....2021-08-24 11:16:36 UTC,https://wikirate.org/Clean_Clothes_Campaign+Living_Wage_Action_Plan+Adidas_AG.json,https://wikirate.org/Clean_Clothes_Campaign+Living_Wage_Action_Plan+Adidas_AG+2021.json
Benetton Group Spa,2021,Clean Clothes Campaign+Living Wage Action Plan,No,Source-000091807,has no public plan describing how to improve wages for workers across its supplier network. 07:34:29 UTC Clean Clothes Campaign[https://wikirate.org/Clean_Clothes_Campaign].....2021-08-24 11:16:30 UTC,https://wikirate.org/Clean_Clothes_Campaign+Living_Wage_Action_Plan+Benetton_Group_Spa.json,https://wikirate.org/Clean_Clothes_Campaign+Living_Wage_Action_Plan+Benetton_Group_Spa+2021.json
C&A,2021,Clean Clothes Campaign+Living Wage Action Plan,Partial,Source-000091807,"https://actonlivingwages.com/new-backgroundbrief- on-collective-bargaining-at-industry-level/ 18:39:24 UTC says it is working on improving wages for workers across its supplier network. However, it does not meet all elements of a public, time-bound action plan. https://actonlivingwages.com/new-backgroundbrief- on-collective-bargaining-at-industry-level/ 07:34:38 UTC Clean Clothes Campaign[https://wikirate.org/Clean_Clothes_Campaign].....2021-08-24 11:16:42 UTC",https://wikirate.org/Clean_Clothes_Campaign+Living_Wage_Action_Plan+C_A.json,https://wikirate.org/Clean_Clothes_Campaign+Living_Wage_Action_Plan+C_A+2021.json
Esprit Holdings Limited,2021,Clean Clothes Campaign+Living Wage Action Plan,Partial,Source-000091807,"https://actonlivingwages.com/ 18:40:07 UTC says it is working on improving wages for workers across its supplier network. However, it does not meet all elements of a public, time-bound action plan. https://actonlivingwages.com/ 07:34:52 UTC Clean Clothes Campaign[https://wikirate.org/Clean_Clothes_Campaign].....2021-08-24 11:16:45 UTC",https://wikirate.org/Clean_Clothes_Campaign+Living_Wage_Action_Plan+Esprit_Holdings_Limited.json,https://wikirate.org/Clean_Clothes_Campaign+Living_Wage_Action_Plan+Esprit_Holdings_Limited+2021.json
Marks and Spencer Group plc,2021,Clean Clothes Campaign+Living Wage Action Plan,Partial,Source-000091807,"https://corporate.marksandspencer.com/annual-report-2018/mands_plan_a_2018.pdf 18:37:22 UTC says it is working on improving wages for workers across its supplier network. However, it does not meet all elements of a public, time-bound action plan. https://corporate.marksandspencer.com/annual-report-2018/mands_plan_a_2018.pdf 07:35:38 UTC Clean Clothes Campaign[https://wikirate.org/Clean_Clothes_Campaign].....2021-08-24 11:16:44 UTC",https://wikirate.org/Clean_Clothes_Campaign+Living_Wage_Action_Plan+Marks_and_Spencer_Group_plc.json,https://wikirate.org/Clean_Clothes_Campaign+Living_Wage_Action_Plan+Marks_and_Spencer_Group_plc+2021.json
Lidl Stiftung & Co. KG,2021,Clean Clothes Campaign+Living Wage Action Plan,Partial,Source-000091807,"https://actonlivingwages.com/ 18:40:10 UTC says it is working on improving wages for workers across its supplier network. However, it does not meet all elements of a public, time-bound action plan. https://actonlivingwages.com/ 07:35:29 UTC Clean Clothes Campaign[https://wikirate.org/Clean_Clothes_Campaign].....2021-08-24 11:16:45 UTC",https://wikirate.org/Clean_Clothes_Campaign+Living_Wage_Action_Plan+Lidl_Stiftung_Co_KG.json,https://wikirate.org/Clean_Clothes_Campaign+Living_Wage_Action_Plan+Lidl_Stiftung_Co_KG+2021.json
"Amazon.com, Inc.",2021,Clean Clothes Campaign+Living Wage Action Plan,No,Source-000091807,has no public plan describing how to improve wages for workers across its supplier network. 07:34:17 UTC Clean Clothes Campaign[https://wikirate.org/Clean_Clothes_Campaign].....2021-08-24 11:16:31 UTC,https://wikirate.org/Clean_Clothes_Campaign+Living_Wage_Action_Plan+Amazon_com_Inc.json,https://wikirate.org/Clean_Clothes_Campaign+Living_Wage_Action_Plan+Amazon_com_Inc+2021.json
KiK Textilien und Non-Food GmbH,2021,Clean Clothes Campaign+Living Wage Action Plan,No,Source-000091807,has no public plan describing how to improve wages for workers across its supplier network. 07:35:20 UTC Clean Clothes Campaign[https://wikirate.org/Clean_Clothes_Campaign].....2021-08-24 11:16:36 UTC,https://wikirate.org/Clean_Clothes_Campaign+Living_Wage_Action_Plan+KiK_Textilien_und_Non_Food_GmbH.json,https://wikirate.org/Clean_Clothes_Campaign+Living_Wage_Action_Plan+KiK_Textilien_und_Non_Food_GmbH+2021.json
Carrefour S.A.,2021,Clean Clothes Campaign+Living Wage Action Plan,No,Source-000091807,has no public plan describing how to improve wages for workers across its supplier network. 07:34:42 UTC Clean Clothes Campaign[https://wikirate.org/Clean_Clothes_Campaign].....2021-08-24 11:16:39 UTC,https://wikirate.org/Clean_Clothes_Campaign+Living_Wage_Action_Plan+Carrefour_S_A.json,https://wikirate.org/Clean_Clothes_Campaign+Living_Wage_Action_Plan+Carrefour_S_A+2021.json
Gucci,2021,Clean Clothes Campaign+Living Wage Action Plan,No,Source-000091807,- http://equilibrium.gucci.com/wp-content/uploads/2018/11/Sustainability- Principals_ENG.pdf 18:39:29 UTC has no public plan describing how to improve wages for workers across its supplier network. - http://equilibrium.gucci.com/wp-content/uploads/2018/11/Sustainability- Principals_ENG.pdf 07:35:07 UTC Clean Clothes Campaign[https://wikirate.org/Clean_Clothes_Campaign].....2021-08-24 11:16:32 UTC,https://wikirate.org/Clean_Clothes_Campaign+Living_Wage_Action_Plan+Gucci.json,https://wikirate.org/Clean_Clothes_Campaign+Living_Wage_Action_Plan+Gucci+2021.json
Puma,2021,Clean Clothes Campaign+Living Wage Action Plan,No,Source-000091807,has no public plan describing how to improve wages for workers across its supplier network. 07:36:03 UTC Clean Clothes Campaign[https://wikirate.org/Clean_Clothes_Campaign].....2021-08-24 11:16:37 UTC,https://wikirate.org/Clean_Clothes_Campaign+Living_Wage_Action_Plan+Puma.json,https://wikirate.org/Clean_Clothes_Campaign+Living_Wage_Action_Plan+Puma+2021.json
Walmart,2021,Clean Clothes Campaign+Living Wage Action Plan,No,Source-000091807,has no public plan describing how to improve wages for workers across its supplier network. 07:34:20 UTC Clean Clothes Campaign[https://wikirate.org/Clean_Clothes_Campaign].....2021-08-24 11:16:33 UTC,https://wikirate.org/Clean_Clothes_Campaign+Living_Wage_Action_Plan+Walmart.json,https://wikirate.org/Clean_Clothes_Campaign+Living_Wage_Action_Plan+Walmart+2021.json
Hugo Boss AG,2021,Clean Clothes Campaign+Living Wage Action Plan,No,Source-000091807,has no public plan describing how to improve wages for workers across its supplier network. 07:35:12 UTC Clean Clothes Campaign[https://wikirate.org/Clean_Clothes_Campaign].....2021-08-24 11:16:36 UTC,https://wikirate.org/Clean_Clothes_Campaign+Living_Wage_Action_Plan+Hugo_Boss_AG.json,https://wikirate.org/Clean_Clothes_Campaign+Living_Wage_Action_Plan+Hugo_Boss_AG+2021.json
Vaude,2021,Clean Clothes Campaign+Living Wage Action Plan,Partial,Source-000091807,"https://csr-report.Vaude.com/gri-en/social/fair-wages.php 18:40:15 UTC says it is working on improving wages for workers across its supplier network. However, it does not meet all elements of a public, time-bound action plan. https://csr-report.vaude.com/gri-en/social/fair-wages.php 07:36:39 UTC Clean Clothes Campaign[https://wikirate.org/Clean_Clothes_Campaign].....2021-08-24 11:16:46 UTC",https://wikirate.org/Clean_Clothes_Campaign+Living_Wage_Action_Plan+Vaude.json,https://wikirate.org/Clean_Clothes_Campaign+Living_Wage_Action_Plan+Vaude+2021.json
Aldi Nord,2021,Clean Clothes Campaign+Living Wage Action Plan,No,Source-000091807,has no public plan describing how to improve wages for workers across its supplier network. 07:34:13 UTC Clean Clothes Campaign[https://wikirate.org/Clean_Clothes_Campaign].....2021-08-24 11:16:41 UTC,https://wikirate.org/Clean_Clothes_Campaign+Living_Wage_Action_Plan+Aldi_Nord.json,https://wikirate.org/Clean_Clothes_Campaign+Living_Wage_Action_Plan+Aldi_Nord+2021.json
Next PLC,2021,Clean Clothes Campaign+Living Wage Action Plan,Partial,Source-000091807,"https://www.nextplc.co.uk/~/media/Files/N/Next-PLC-V2/documents/corporate-responsibility/focus-2018/focus-4-partnership-engagement-collaboration-and-community.pdf 18:39:36 UTC says it is working on improving wages for workers across its supplier network. However, it does not meet all elements of a public, time-bound action plan. https://www.nextplc.co.uk/~/media/Files/N/Next-PLC-V2/documents/corporate-responsibility/focus-2018/focus-4-partnership-engagement-collaboration-and-community.pdf Clean Clothes Campaign[https://wikirate.org/Clean_Clothes_Campaign].....2020-06-17 14:36:06 UTC Clean Clothes Campaign[https://wikirate.org/Clean_Clothes_Campaign].....2021-08-24 11:16:43 UTC",https://wikirate.org/Clean_Clothes_Campaign+Living_Wage_Action_Plan+Next_PLC.json,https://wikirate.org/Clean_Clothes_Campaign+Living_Wage_Action_Plan+Next_PLC+2021.json
Kesko Corporation,2021,Clean Clothes Campaign+Living Wage Action Plan,No,Source-000091807,has no public plan describing how to improve wages for workers across its supplier network. 07:35:19 UTC Clean Clothes Campaign[https://wikirate.org/Clean_Clothes_Campaign].....2021-08-24 11:16:33 UTC,https://wikirate.org/Clean_Clothes_Campaign+Living_Wage_Action_Plan+Kesko_Corporation.json,https://wikirate.org/Clean_Clothes_Campaign+Living_Wage_Action_Plan+Kesko_Corporation+2021.json
Fast Retailing,2021,Clean Clothes Campaign+Living Wage Action Plan,No,Source-000091807,has no public plan describing how to improve wages for workers across its supplier network. 07:36:33 UTC Clean Clothes Campaign[https://wikirate.org/Clean_Clothes_Campaign].....2021-08-24 11:16:31 UTC,https://wikirate.org/Clean_Clothes_Campaign+Living_Wage_Action_Plan+Fast_Retailing.json,https://wikirate.org/Clean_Clothes_Campaign+Living_Wage_Action_Plan+Fast_Retailing+2021.json
Sainsbury's,2021,Clean Clothes Campaign+Living Wage Action Plan,No,Source-000091807,has no public plan describing how to improve wages for workers across its supplier network. 07:36:09 UTC Clean Clothes Campaign[https://wikirate.org/Clean_Clothes_Campaign].....2021-08-24 11:16:32 UTC,https://wikirate.org/Clean_Clothes_Campaign+Living_Wage_Action_Plan+Sainsbury_s.json,https://wikirate.org/Clean_Clothes_Campaign+Living_Wage_Action_Plan+Sainsbury_s+2021.json
PVH,2021,Clean Clothes Campaign+Living Wage Action Plan,Partial,Source-000091807,"https://www.pvh.com/responsibility/policy/Living- Wage-Strategy 18:39:39 UTC says it is working on improving wages for workers across its supplier network. However, it does not meet all elements of a public, time-bound action plan. https://www.pvh.com/responsibility/policy/Living- Wage-Strategy 07:36:28 UTC Clean Clothes Campaign[https://wikirate.org/Clean_Clothes_Campaign].....2021-08-24 11:16:43 UTC",https://wikirate.org/Clean_Clothes_Campaign+Living_Wage_Action_Plan+PVH.json,https://wikirate.org/Clean_Clothes_Campaign+Living_Wage_Action_Plan+PVH+2021.json
Fruit of the Loom,2021,Clean Clothes Campaign+Living Wage Action Plan,No,Source-000091807,has no public plan describing how to improve wages for workers across its supplier network. 07:34:59 UTC Clean Clothes Campaign[https://wikirate.org/Clean_Clothes_Campaign].....2021-08-24 11:16:31 UTC,https://wikirate.org/Clean_Clothes_Campaign+Living_Wage_Action_Plan+Fruit_of_the_Loom.json,https://wikirate.org/Clean_Clothes_Campaign+Living_Wage_Action_Plan+Fruit_of_the_Loom+2021.json
Under Armour,2021,Clean Clothes Campaign+Living Wage Action Plan,No,Source-000091807,https://www.fairlabor.org/sites/default/files/fair_compensation_work_plan_feb_2015.pdf 18:39:42 UTC has no public plan describing how to improve wages for workers across its supplier network. https://www.fairlabor.org/sites/default/files/fair_compensation_work_plan_feb_2015.pdf 07:36:31 UTC Clean Clothes Campaign[https://wikirate.org/Clean_Clothes_Campaign].....2021-08-24 11:16:33 UTC,https://wikirate.org/Clean_Clothes_Campaign+Living_Wage_Action_Plan+Under_Armour.json,https://wikirate.org/Clean_Clothes_Campaign+Living_Wage_Action_Plan+Under_Armour+2021.json
Asics Corporation,2021,Clean Clothes Campaign+Living Wage Action Plan,No,Source-000091807,has no public plan describing how to improve wages for workers across its supplier network. 07:34:21 UTC Clean Clothes Campaign[https://wikirate.org/Clean_Clothes_Campaign].....2021-08-24 11:16:38 UTC,https://wikirate.org/Clean_Clothes_Campaign+Living_Wage_Action_Plan+Asics_Corporation.json,https://wikirate.org/Clean_Clothes_Campaign+Living_Wage_Action_Plan+Asics_Corporation+2021.json
Stockmann Oyj Abp,2021,Clean Clothes Campaign+Living Wage Action Plan,No,Source-000091807,has no public plan describing how to improve wages for workers across its supplier network. 07:36:18 UTC Clean Clothes Campaign[https://wikirate.org/Clean_Clothes_Campaign].....2021-08-24 11:16:35 UTC,https://wikirate.org/Clean_Clothes_Campaign+Living_Wage_Action_Plan+Stockmann_Oyj_Abp.json,https://wikirate.org/Clean_Clothes_Campaign+Living_Wage_Action_Plan+Stockmann_Oyj_Abp+2021.json
Lindex,2021,Clean Clothes Campaign+Living Wage Action Plan,Partial,Source-000091807,"https://about.lindex.com/sustainability/our-sustainability-promise/empower-women/, https://about.lindex.com/sustainability/with-people-planet-in-mind/living-wage/ 18:39:50 UTC says it is working on improving wages for workers across its supplier network. However, it does not meet all elements of a public, time-bound action plan. https://about.lindex.com/sustainability/our-sustainability-promise/empower-women/, https://about.lindex.com/sustainability/with-people-planet-in-mind/living-wage/ 07:35:31 UTC Clean Clothes Campaign[https://wikirate.org/Clean_Clothes_Campaign].....2021-08-24 11:16:44 UTC",https://wikirate.org/Clean_Clothes_Campaign+Living_Wage_Action_Plan+Lindex.json,https://wikirate.org/Clean_Clothes_Campaign+Living_Wage_Action_Plan+Lindex+2021.json
Otto Group,2021,Clean Clothes Campaign+Living Wage Action Plan,No,Source-000091807,has no public plan describing how to improve wages for workers across its supplier network. 07:35:53 UTC Clean Clothes Campaign[https://wikirate.org/Clean_Clothes_Campaign].....2021-08-24 11:16:37 UTC,https://wikirate.org/Clean_Clothes_Campaign+Living_Wage_Action_Plan+Otto_Group.json,https://wikirate.org/Clean_Clothes_Campaign+Living_Wage_Action_Plan+Otto_Group+2021.json
G-star RAW,2021,Clean Clothes Campaign+Living Wage Action Plan,Partial,Source-000091807,"says it is working on improving wages for workers across its supplier network. However, it does not meet all elements of a public, time-bound action plan. 07:35:02 UTC Clean Clothes Campaign[https://wikirate.org/Clean_Clothes_Campaign].....2021-08-24 11:16:42 UTC",https://wikirate.org/Clean_Clothes_Campaign+Living_Wage_Action_Plan+G_star_RAW.json,https://wikirate.org/Clean_Clothes_Campaign+Living_Wage_Action_Plan+G_star_RAW+2021.json
SOK S Group,2021,Clean Clothes Campaign+Living Wage Action Plan,No,Source-000091807,has no public plan describing how to improve wages for workers across its supplier network. 07:36:06 UTC Clean Clothes Campaign[https://wikirate.org/Clean_Clothes_Campaign].....2021-08-24 11:16:34 UTC,https://wikirate.org/Clean_Clothes_Campaign+Living_Wage_Action_Plan+SOK_S_Group.json,https://wikirate.org/Clean_Clothes_Campaign+Living_Wage_Action_Plan+SOK_S_Group+2021.json
Asos,2021,Clean Clothes Campaign+Living Wage Action Plan,Partial,Source-000091807,"https://www.asosplc.com/corporate-responsibility/ourproducts/ethical-trade-programme 18:39:22 UTC says it is working on improving wages for workers across its supplier network. However, it does not meet all elements of a public, time-bound action plan. https://www.asosplc.com/corporate-responsibility/ourproducts/ethical-trade-programme 07:34:22 UTC Clean Clothes Campaign[https://wikirate.org/Clean_Clothes_Campaign].....2021-08-24 11:16:42 UTC",https://wikirate.org/Clean_Clothes_Campaign+Living_Wage_Action_Plan+Asos.json,https://wikirate.org/Clean_Clothes_Campaign+Living_Wage_Action_Plan+Asos+2021.json
New Look Retail Group,2021,Clean Clothes Campaign+Living Wage Action Plan,Partial,Source-000091807,"https://actonlivingwages.com/members/ 18:39:35 UTC says it is working on improving wages for workers across its supplier network. However, it does not meet all elements of a public, time-bound action plan. https://actonlivingwages.com/members/ 07:35:45 UTC Clean Clothes Campaign[https://wikirate.org/Clean_Clothes_Campaign].....2021-08-24 11:16:42 UTC",https://wikirate.org/Clean_Clothes_Campaign+Living_Wage_Action_Plan+New_Look_Retail_Group.json,https://wikirate.org/Clean_Clothes_Campaign+Living_Wage_Action_Plan+New_Look_Retail_Group+2021.json
Marimekko,2021,Clean Clothes Campaign+Living Wage Action Plan,No,Source-000091807,has no public plan describing how to improve wages for workers across its supplier network. 07:35:39 UTC Clean Clothes Campaign[https://wikirate.org/Clean_Clothes_Campaign].....2021-08-24 11:16:34 UTC,https://wikirate.org/Clean_Clothes_Campaign+Living_Wage_Action_Plan+Marimekko.json,https://wikirate.org/Clean_Clothes_Campaign+Living_Wage_Action_Plan+Marimekko+2021.json
Zalando SE,2021,Clean Clothes Campaign+Living Wage Action Plan,Partial,Source-000091807,"https://actonlivingwages.com/ 18:40:16 UTC says it is working on improving wages for workers across its supplier network. However, it does not meet all elements of a public, time-bound action plan. https://actonlivingwages.com/ 07:36:46 UTC Clean Clothes Campaign[https://wikirate.org/Clean_Clothes_Campaign].....2021-08-24 11:16:46 UTC",https://wikirate.org/Clean_Clothes_Campaign+Living_Wage_Action_Plan+Zalando_SE.json,https://wikirate.org/Clean_Clothes_Campaign+Living_Wage_Action_Plan+Zalando_SE+2021.json
Tchibo GmbH,2021,Clean Clothes Campaign+Living Wage Action Plan,Partial,Source-000091807,"https://Tchibo GmbH-nachhaltigkeit.de/servlet/content/1253142/-/home/consumer-goods-value-[http://GmbH-nachhaltigkeit.de/servlet/content/1253142/-/home/consumer-goods-value-][http://GmbH-nachhaltigkeit.de/servlet/content/1253142/-/home/consumer-goods-value-] chain/sustainable-development/global-challenges-initiatives-to-develop-system- solutions.html 18:39:40 UTC says it is working on improving wages for workers across its supplier network. However, it does not meet all elements of a public, time-bound action plan. https://tchibo-nachhaltigkeit.de/servlet/content/1253142/-/home/consumer-goods-value- chain/sustainable-development/global-challenges-initiatives-to-develop-system- solutions.html 07:36:20 UTC Clean Clothes Campaign[https://wikirate.org/Clean_Clothes_Campaign].....2021-08-24 11:16:43 UTC",https://wikirate.org/Clean_Clothes_Campaign+Living_Wage_Action_Plan+Tchibo_GmbH.json,https://wikirate.org/Clean_Clothes_Campaign+Living_Wage_Action_Plan+Tchibo_GmbH+2021.json
Geox SpA,2021,Clean Clothes Campaign+Living Wage Action Plan,No,Source-000091807,has no public plan describing how to improve wages for workers across its supplier network. 07:35:05 UTC Clean Clothes Campaign[https://wikirate.org/Clean_Clothes_Campaign].....2021-08-24 11:16:30 UTC,https://wikirate.org/Clean_Clothes_Campaign+Living_Wage_Action_Plan+Geox_SpA.json,https://wikirate.org/Clean_Clothes_Campaign+Living_Wage_Action_Plan+Geox_SpA+2021.json
Bestseller AS,2021,Clean Clothes Campaign+Living Wage Action Plan,Partial,Source-000091807,"says it is working on improving wages for workers across its supplier network. However, it does not meet all elements of a public, time-bound action plan. 07:34:30 UTC Clean Clothes Campaign[https://wikirate.org/Clean_Clothes_Campaign].....2021-08-24 11:16:44 UTC",https://wikirate.org/Clean_Clothes_Campaign+Living_Wage_Action_Plan+Bestseller_AS.json,https://wikirate.org/Clean_Clothes_Campaign+Living_Wage_Action_Plan+Bestseller_AS+2021.json
Missguided Limited,2021,Clean Clothes Campaign+Living Wage Action Plan,No,Source-000091807,has no public plan describing how to improve wages for workers across its supplier network. 07:35:42 UTC Clean Clothes Campaign[https://wikirate.org/Clean_Clothes_Campaign].....2021-08-24 11:16:32 UTC,https://wikirate.org/Clean_Clothes_Campaign+Living_Wage_Action_Plan+Missguided_Limited.json,https://wikirate.org/Clean_Clothes_Campaign+Living_Wage_Action_Plan+Missguided_Limited+2021.json
Monsoon Accessorize Ltd,2021,Clean Clothes Campaign+Living Wage Action Plan,No,Source-000091807,has no public plan describing how to improve wages for workers across its supplier network. 07:35:43 UTC Clean Clothes Campaign[https://wikirate.org/Clean_Clothes_Campaign].....2021-08-24 11:16:33 UTC,https://wikirate.org/Clean_Clothes_Campaign+Living_Wage_Action_Plan+Monsoon_Accessorize_Ltd.json,https://wikirate.org/Clean_Clothes_Campaign+Living_Wage_Action_Plan+Monsoon_Accessorize_Ltd+2021.json
Reima,2021,Clean Clothes Campaign+Living Wage Action Plan,No,Source-000091807,has no public plan describing how to improve wages for workers across its supplier network. 07:36:05 UTC Clean Clothes Campaign[https://wikirate.org/Clean_Clothes_Campaign].....2021-08-24 11:16:34 UTC,https://wikirate.org/Clean_Clothes_Campaign+Living_Wage_Action_Plan+Reima.json,https://wikirate.org/Clean_Clothes_Campaign+Living_Wage_Action_Plan+Reima+2021.json
OLYMP Bezner KG,2021,Clean Clothes Campaign+Living Wage Action Plan,No,Source-000091807,has no public plan describing how to improve wages for workers across its supplier network. 07:35:52 UTC Clean Clothes Campaign[https://wikirate.org/Clean_Clothes_Campaign].....2021-08-24 11:16:40 UTC,https://wikirate.org/Clean_Clothes_Campaign+Living_Wage_Action_Plan+OLYMP_Bezner_KG.json,https://wikirate.org/Clean_Clothes_Campaign+Living_Wage_Action_Plan+OLYMP_Bezner_KG+2021.json
Hema,2021,Clean Clothes Campaign+Living Wage Action Plan,No,Source-000091807,has no public plan describing how to improve wages for workers across its supplier network. 07:35:10 UTC Clean Clothes Campaign[https://wikirate.org/Clean_Clothes_Campaign].....2021-08-24 11:16:38 UTC,https://wikirate.org/Clean_Clothes_Campaign+Living_Wage_Action_Plan+Hema.json,https://wikirate.org/Clean_Clothes_Campaign+Living_Wage_Action_Plan+Hema+2021.json
The Sting B.V.,2021,Clean Clothes Campaign+Living Wage Action Plan,No,Source-000091807,has no public plan describing how to improve wages for workers across its supplier network. 07:36:23 UTC Clean Clothes Campaign[https://wikirate.org/Clean_Clothes_Campaign].....2021-08-24 11:16:29 UTC,https://wikirate.org/Clean_Clothes_Campaign+Living_Wage_Action_Plan+The_Sting_B_V.json,https://wikirate.org/Clean_Clothes_Campaign+Living_Wage_Action_Plan+The_Sting_B_V+2021.json
We Europe BV,2021,Clean Clothes Campaign+Living Wage Action Plan,Partial,Source-000116667,,https://wikirate.org/Clean_Clothes_Campaign+Living_Wage_Action_Plan+We_Europe_BV.json,https://wikirate.org/Clean_Clothes_Campaign+Living_Wage_Action_Plan+We_Europe_BV+2021.json
Wibra Supermarkt B.V.,2021,Clean Clothes Campaign+Living Wage Action Plan,No,Source-000116667,,https://wikirate.org/Clean_Clothes_Campaign+Living_Wage_Action_Plan+Wibra_Supermarkt_B_V.json,https://wikirate.org/Clean_Clothes_Campaign+Living_Wage_Action_Plan+Wibra_Supermarkt_B_V+2021.json
Zeeman,2021,Clean Clothes Campaign+Living Wage Action Plan,Partial,Source-000091807,"https://zeeman.turnpages.com/DS/public/slot00078/pdf/compleet.pdf p24 and 25 18:39:16 UTC says it is working on improving wages for workers across its supplier network. However, it does not meet all elements of a public, time-bound action plan. https://zeeman.turnpages.com/DS/public/slot00078/pdf/compleet.pdf p24 and 25 07:36:49 UTC Clean Clothes Campaign[https://wikirate.org/Clean_Clothes_Campaign].....2021-08-24 11:16:41 UTC",https://wikirate.org/Clean_Clothes_Campaign+Living_Wage_Action_Plan+Zeeman.json,https://wikirate.org/Clean_Clothes_Campaign+Living_Wage_Action_Plan+Zeeman+2021.json
LPP,2021,Clean Clothes Campaign+Living Wage Action Plan,No,Source-000091807,has no public plan describing how to improve wages for workers across its supplier network. 07:35:35 UTC Clean Clothes Campaign[https://wikirate.org/Clean_Clothes_Campaign].....2021-08-24 11:16:39 UTC,https://wikirate.org/Clean_Clothes_Campaign+Living_Wage_Action_Plan+LPP.json,https://wikirate.org/Clean_Clothes_Campaign+Living_Wage_Action_Plan+LPP+2021.json
S.Oliver,2021,Clean Clothes Campaign+Living Wage Action Plan,No,Source-000091807,has no public plan describing how to improve wages for workers across its supplier network. 07:36:07 UTC Clean Clothes Campaign[https://wikirate.org/Clean_Clothes_Campaign].....2021-08-24 11:16:37 UTC,https://wikirate.org/Clean_Clothes_Campaign+Living_Wage_Action_Plan+S_Oliver.json,https://wikirate.org/Clean_Clothes_Campaign+Living_Wage_Action_Plan+S_Oliver+2021.json
Arcadia Group,2021,Clean Clothes Campaign+Living Wage Action Plan,Partial,Source-000091807,"YesNohttp://arcadiafashionfootprint.co.uk/ - page 11 18:39:21 UTC says it is working on improving wages for workers across its supplier network. However, it does not meet all elements of a public, time-bound action plan. http://arcadiafashionfootprint.co.uk/ 07:34:18 UTC Clean Clothes Campaign[https://wikirate.org/Clean_Clothes_Campaign].....2021-08-24 11:16:41 UTC",https://wikirate.org/Clean_Clothes_Campaign+Living_Wage_Action_Plan+Arcadia_Group.json,https://wikirate.org/Clean_Clothes_Campaign+Living_Wage_Action_Plan+Arcadia_Group+2021.json
Decathlon Group,2021,Clean Clothes Campaign+Living Wage Action Plan,No,Source-000091807,has no public plan describing how to improve wages for workers across its supplier network. 07:34:47 UTC Clean Clothes Campaign[https://wikirate.org/Clean_Clothes_Campaign].....2021-08-24 11:16:31 UTC,https://wikirate.org/Clean_Clothes_Campaign+Living_Wage_Action_Plan+Decathlon_Group.json,https://wikirate.org/Clean_Clothes_Campaign+Living_Wage_Action_Plan+Decathlon_Group+2021.json
Pentland Brands Ltd,2021,Clean Clothes Campaign+Living Wage Action Plan,Partial,Source-000091807,"Not public 18:39:38 UTC says it is working on improving wages for workers across its supplier network. However, it does not meet all elements of a public, time-bound action plan. Not public 07:35:59 UTC Clean Clothes Campaign[https://wikirate.org/Clean_Clothes_Campaign].....2021-08-24 11:16:43 UTC",https://wikirate.org/Clean_Clothes_Campaign+Living_Wage_Action_Plan+Pentland_Brands_Ltd.json,https://wikirate.org/Clean_Clothes_Campaign+Living_Wage_Action_Plan+Pentland_Brands_Ltd+2021.json
Boohoo.com,2021,Clean Clothes Campaign+Living Wage Action Plan,No,Source-000091807,has no public plan describing how to improve wages for workers across its supplier network. 07:34:33 UTC Clean Clothes Campaign[https://wikirate.org/Clean_Clothes_Campaign].....2021-08-24 11:16:31 UTC,https://wikirate.org/Clean_Clothes_Campaign+Living_Wage_Action_Plan+Boohoo_com.json,https://wikirate.org/Clean_Clothes_Campaign+Living_Wage_Action_Plan+Boohoo_com+2021.json
Jack Wolfskin,2021,Clean Clothes Campaign+Living Wage Action Plan,Partial,Source-000091807,"says it is working on improving wages for workers across its supplier network. However, it does not meet all elements of a public, time-bound action plan. 07:35:13 UTC Clean Clothes Campaign[https://wikirate.org/Clean_Clothes_Campaign].....2021-08-24 11:16:45 UTC",https://wikirate.org/Clean_Clothes_Campaign+Living_Wage_Action_Plan+Jack_Wolfskin.json,https://wikirate.org/Clean_Clothes_Campaign+Living_Wage_Action_Plan+Jack_Wolfskin+2021.json
LaDress,2021,Clean Clothes Campaign+Living Wage Action Plan,Partial,Source-000091807,"https://www.ladress.com/on/demandware.static/-/Sites-ladress-Library/default/dwc32fcd5a/PDF/IMVO_beleid_LaDress_NL.pdf pp 12, 13 18:40:22 UTC says it is working on improving wages for workers across its supplier network. However, it does not meet all elements of a public, time-bound action plan. https://www.ladress.com/on/demandware.static/-/Sites-ladress-Library/default/dwc32fcd5a/PDF/IMVO_beleid_LaDress_NL.pdf pp 12, 13 07:35:26 UTC Clean Clothes Campaign[https://wikirate.org/Clean_Clothes_Campaign].....2021-08-24 11:16:46 UTC",https://wikirate.org/Clean_Clothes_Campaign+Living_Wage_Action_Plan+LaDress.json,https://wikirate.org/Clean_Clothes_Campaign+Living_Wage_Action_Plan+LaDress+2021.json
Mayerline,2021,Clean Clothes Campaign+Living Wage Action Plan,No,Source-000091807,has no public plan describing how to improve wages for workers across its supplier network. 07:35:41 UTC Clean Clothes Campaign[https://wikirate.org/Clean_Clothes_Campaign].....2021-08-24 11:16:36 UTC,https://wikirate.org/Clean_Clothes_Campaign+Living_Wage_Action_Plan+Mayerline.json,https://wikirate.org/Clean_Clothes_Campaign+Living_Wage_Action_Plan+Mayerline+2021.json
Kings Of Indigo,2021,Clean Clothes Campaign+Living Wage Action Plan,Yes,Source-000091807,"https://cdn.shopify.com/s/files/1/0060/4553/2275/files/AGT_report_2019.pdf, page 78. 18:40:20 UTC has published a time-bound, public action plan describing how it will achieve a living wage for workers in its supply chain. https://cdn.shopify.com/s/files/1/0060/4553/2275/files/AGT_report_2019.pdf, page 78. 07:35:22 UTC Clean Clothes Campaign[https://wikirate.org/Clean_Clothes_Campaign].....2021-08-24 11:16:46 UTC",https://wikirate.org/Clean_Clothes_Campaign+Living_Wage_Action_Plan+Kings_Of_Indigo.json,https://wikirate.org/Clean_Clothes_Campaign+Living_Wage_Action_Plan+Kings_Of_Indigo+2021.json
Cassis / Paprika S.A.,2021,Clean Clothes Campaign+Living Wage Action Plan,No,Source-000091807,has no public plan describing how to improve wages for workers across its supplier network. 07:34:43 UTC Clean Clothes Campaign[https://wikirate.org/Clean_Clothes_Campaign].....2021-08-24 11:16:36 UTC,https://wikirate.org/Clean_Clothes_Campaign+Living_Wage_Action_Plan+Cassis_Paprika_S_A.json,https://wikirate.org/Clean_Clothes_Campaign+Living_Wage_Action_Plan+Cassis_Paprika_S_A+2021.json
Calzedonia,2021,Clean Clothes Campaign+Living Wage Action Plan,No,Source-000091807,has no public plan describing how to improve wages for workers across its supplier network. 07:34:40 UTC Clean Clothes Campaign[https://wikirate.org/Clean_Clothes_Campaign].....2021-08-24 11:16:30 UTC,https://wikirate.org/Clean_Clothes_Campaign+Living_Wage_Action_Plan+Calzedonia.json,https://wikirate.org/Clean_Clothes_Campaign+Living_Wage_Action_Plan+Calzedonia+2021.json
Tom Tailor,2021,Clean Clothes Campaign+Living Wage Action Plan,No,Source-000091807,has no public plan describing how to improve wages for workers across its supplier network. 07:36:26 UTC Clean Clothes Campaign[https://wikirate.org/Clean_Clothes_Campaign].....2021-08-24 11:16:38 UTC,https://wikirate.org/Clean_Clothes_Campaign+Living_Wage_Action_Plan+Tom_Tailor.json,https://wikirate.org/Clean_Clothes_Campaign+Living_Wage_Action_Plan+Tom_Tailor+2021.json
Kuyichi,2021,Clean Clothes Campaign+Living Wage Action Plan,No,Source-000091807,has no public plan describing how to improve wages for workers across its supplier network. 07:35:24 UTC Clean Clothes Campaign[https://wikirate.org/Clean_Clothes_Campaign].....2021-08-24 11:16:38 UTC,https://wikirate.org/Clean_Clothes_Campaign+Living_Wage_Action_Plan+Kuyichi.json,https://wikirate.org/Clean_Clothes_Campaign+Living_Wage_Action_Plan+Kuyichi+2021.json
Scotch and Soda,2021,Clean Clothes Campaign+Living Wage Action Plan,No,Source-000091807,has no public plan describing how to improve wages for workers across its supplier network. 07:36:14 UTC Clean Clothes Campaign[https://wikirate.org/Clean_Clothes_Campaign].....2021-08-24 11:16:35 UTC,https://wikirate.org/Clean_Clothes_Campaign+Living_Wage_Action_Plan+Scotch_and_Soda.json,https://wikirate.org/Clean_Clothes_Campaign+Living_Wage_Action_Plan+Scotch_and_Soda+2021.json
Peek & Cloppenburg,2021,Clean Clothes Campaign+Living Wage Action Plan,No,Source-000091807,has no public plan describing how to improve wages for workers across its supplier network. 07:35:57 UTC Clean Clothes Campaign[https://wikirate.org/Clean_Clothes_Campaign].....2021-08-24 11:16:37 UTC,https://wikirate.org/Clean_Clothes_Campaign+Living_Wage_Action_Plan+Peek_Cloppenburg.json,https://wikirate.org/Clean_Clothes_Campaign+Living_Wage_Action_Plan+Peek_Cloppenburg+2021.json
Tokmanni,2021,Clean Clothes Campaign+Living Wage Action Plan,No,Source-000091807,has no public plan describing how to improve wages for workers across its supplier network. 07:36:24 UTC Clean Clothes Campaign[https://wikirate.org/Clean_Clothes_Campaign].....2021-08-24 11:16:35 UTC,https://wikirate.org/Clean_Clothes_Campaign+Living_Wage_Action_Plan+Tokmanni.json,https://wikirate.org/Clean_Clothes_Campaign+Living_Wage_Action_Plan+Tokmanni+2021.json
Oberalp SpA,2021,Clean Clothes Campaign+Living Wage Action Plan,Partial,Source-000091807,"Social report 2018 p.32, https://www.salewa.com/it-it/acquisto-etico-di-beni 18:37:21 UTC says it is working on improving wages for workers across its supplier network. However, it does not meet all elements of a public, time-bound action plan. Social report 2018 p.32, https://www.salewa.com/it-it/acquisto-etico-di-beni 07:36:11 UTC Clean Clothes Campaign[https://wikirate.org/Clean_Clothes_Campaign].....2021-08-24 11:16:44 UTC",https://wikirate.org/Clean_Clothes_Campaign+Living_Wage_Action_Plan+Oberalp_SpA.json,https://wikirate.org/Clean_Clothes_Campaign+Living_Wage_Action_Plan+Oberalp_SpA+2021.json
NP Fashion,2021,Clean Clothes Campaign+Living Wage Action Plan,No,Source-000116667,,https://wikirate.org/Clean_Clothes_Campaign+Living_Wage_Action_Plan+NP_Fashion.json,https://wikirate.org/Clean_Clothes_Campaign+Living_Wage_Action_Plan+NP_Fashion+2021.json
OVS SpA,2021,Clean Clothes Campaign+Living Wage Action Plan,No,Source-000091807,has no public plan describing how to improve wages for workers across its supplier network. 07:35:54 UTC Clean Clothes Campaign[https://wikirate.org/Clean_Clothes_Campaign].....2021-08-24 11:16:35 UTC,https://wikirate.org/Clean_Clothes_Campaign+Living_Wage_Action_Plan+OVS_SpA.json,https://wikirate.org/Clean_Clothes_Campaign+Living_Wage_Action_Plan+OVS_SpA+2021.json
Retail Concepts SA,2021,Clean Clothes Campaign+Living Wage Action Plan,No,Source-000091807,has no public plan describing how to improve wages for workers across its supplier network. 07:34:11 UTC Clean Clothes Campaign[https://wikirate.org/Clean_Clothes_Campaign].....2021-08-24 11:16:40 UTC,https://wikirate.org/Clean_Clothes_Campaign+Living_Wage_Action_Plan+Retail_Concepts_SA.json,https://wikirate.org/Clean_Clothes_Campaign+Living_Wage_Action_Plan+Retail_Concepts_SA+2021.json
Falc SpA,2021,Clean Clothes Campaign+Living Wage Action Plan,No,Source-000091807,has no public plan describing how to improve wages for workers across its supplier network. 07:34:56 UTC Clean Clothes Campaign[https://wikirate.org/Clean_Clothes_Campaign].....2021-08-24 11:16:35 UTC,https://wikirate.org/Clean_Clothes_Campaign+Living_Wage_Action_Plan+Falc_SpA.json,https://wikirate.org/Clean_Clothes_Campaign+Living_Wage_Action_Plan+Falc_SpA+2021.json
Javanne SA,2021,Clean Clothes Campaign+Living Wage Action Plan,No,Source-000091807,has no public plan describing how to improve wages for workers across its supplier network. 07:35:15 UTC Clean Clothes Campaign[https://wikirate.org/Clean_Clothes_Campaign].....2021-08-24 11:16:40 UTC,https://wikirate.org/Clean_Clothes_Campaign+Living_Wage_Action_Plan+Javanne_SA.json,https://wikirate.org/Clean_Clothes_Campaign+Living_Wage_Action_Plan+Javanne_SA+2021.json
Luhta Sportswear Company,2021,Clean Clothes Campaign+Living Wage Action Plan,No,Source-000091807,has no public plan describing how to improve wages for workers across its supplier network. 07:35:36 UTC Clean Clothes Campaign[https://wikirate.org/Clean_Clothes_Campaign].....2021-08-24 11:16:34 UTC,https://wikirate.org/Clean_Clothes_Campaign+Living_Wage_Action_Plan+Luhta_Sportswear_Company.json,https://wikirate.org/Clean_Clothes_Campaign+Living_Wage_Action_Plan+Luhta_Sportswear_Company+2021.json
Sogesma SA,2021,Clean Clothes Campaign+Living Wage Action Plan,No,Source-000091807,has no public plan describing how to improve wages for workers across its supplier network. 07:36:29 UTC Clean Clothes Campaign[https://wikirate.org/Clean_Clothes_Campaign].....2021-08-24 11:16:40 UTC,https://wikirate.org/Clean_Clothes_Campaign+Living_Wage_Action_Plan+Sogesma_SA.json,https://wikirate.org/Clean_Clothes_Campaign+Living_Wage_Action_Plan+Sogesma_SA+2021.json
Wehkamp Retail Group Holding B.V.,2021,Clean Clothes Campaign+Living Wage Action Plan,No,Source-000091807,has no public plan describing how to improve wages for workers across its supplier network. 07:36:43 UTC Clean Clothes Campaign[https://wikirate.org/Clean_Clothes_Campaign].....2021-08-24 11:16:29 UTC,https://wikirate.org/Clean_Clothes_Campaign+Living_Wage_Action_Plan+Wehkamp_Retail_Group_Holding_B_V.json,https://wikirate.org/Clean_Clothes_Campaign+Living_Wage_Action_Plan+Wehkamp_Retail_Group_Holding_B_V+2021.json
BALR. BV,2021,Clean Clothes Campaign+Living Wage Action Plan,No,Source-000091807,has no public plan describing how to improve wages for workers across its supplier network. 07:34:25 UTC Clean Clothes Campaign[https://wikirate.org/Clean_Clothes_Campaign].....2021-08-24 11:16:38 UTC,https://wikirate.org/Clean_Clothes_Campaign+Living_Wage_Action_Plan+BALR_BV.json,https://wikirate.org/Clean_Clothes_Campaign+Living_Wage_Action_Plan+BALR_BV+2021.json
Livera B.V.,2021,Clean Clothes Campaign+Living Wage Action Plan,No,Source-000091807,has no public plan describing how to improve wages for workers across its supplier network. 07:35:32 UTC Clean Clothes Campaign[https://wikirate.org/Clean_Clothes_Campaign].....2021-08-24 11:16:39 UTC,https://wikirate.org/Clean_Clothes_Campaign+Living_Wage_Action_Plan+Livera_B_V.json,https://wikirate.org/Clean_Clothes_Campaign+Living_Wage_Action_Plan+Livera_B_V+2021.json
Buissonniere SA,2021,Clean Clothes Campaign+Living Wage Action Plan,No,Source-000091807,has no public plan describing how to improve wages for workers across its supplier network. 07:34:37 UTC Clean Clothes Campaign[https://wikirate.org/Clean_Clothes_Campaign].....2021-08-24 11:16:39 UTC,https://wikirate.org/Clean_Clothes_Campaign+Living_Wage_Action_Plan+Buissonniere_SA.json,https://wikirate.org/Clean_Clothes_Campaign+Living_Wage_Action_Plan+Buissonniere_SA+2021.json
Celio International,2021,Clean Clothes Campaign+Living Wage Action Plan,No,Source-000091807,has no public plan describing how to improve wages for workers across its supplier network. 07:34:45 UTC Clean Clothes Campaign[https://wikirate.org/Clean_Clothes_Campaign].....2021-08-24 11:16:39 UTC,https://wikirate.org/Clean_Clothes_Campaign+Living_Wage_Action_Plan+Celio_International.json,https://wikirate.org/Clean_Clothes_Campaign+Living_Wage_Action_Plan+Celio_International+2021.json
J&Joy SA,2021,Clean Clothes Campaign+Living Wage Action Plan,No,Source-000091807,has no public plan describing how to improve wages for workers across its supplier network. 07:35:18 UTC Clean Clothes Campaign[https://wikirate.org/Clean_Clothes_Campaign].....2021-08-24 11:16:40 UTC,https://wikirate.org/Clean_Clothes_Campaign+Living_Wage_Action_Plan+J_Joy_SA.json,https://wikirate.org/Clean_Clothes_Campaign+Living_Wage_Action_Plan+J_Joy_SA+2021.json
Prenatal Moeder en Kind B.V.,2021,Clean Clothes Campaign+Living Wage Action Plan,No,Source-000091807,has no public plan describing how to improve wages for workers across its supplier network. 07:36:00 UTC Clean Clothes Campaign[https://wikirate.org/Clean_Clothes_Campaign].....2021-08-24 11:16:30 UTC,https://wikirate.org/Clean_Clothes_Campaign+Living_Wage_Action_Plan+Prenatal_Moeder_en_Kind_B_V.json,https://wikirate.org/Clean_Clothes_Campaign+Living_Wage_Action_Plan+Prenatal_Moeder_en_Kind_B_V+2021.json
Naura Group B.V.,2021,Clean Clothes Campaign+Living Wage Action Plan,Partial,Source-000091807,"https://api.fairwear.org/wp-content/uploads/2019/06/Expresso-Fashion-BV-Performance-Check-FINAL.pdf 18:37:23 UTC says it is working on improving wages for workers across its supplier network. However, it does not meet all elements of a public, time-bound action plan. https://api.fairwear.org/wp-content/uploads/2019/06/Expresso-Fashion-BV-Performance-Check-FINAL.pdf 07:34:55 UTC Clean Clothes Campaign[https://wikirate.org/Clean_Clothes_Campaign].....2021-08-24 11:16:45 UTC",https://wikirate.org/Clean_Clothes_Campaign+Living_Wage_Action_Plan+Naura_Group_B_V.json,https://wikirate.org/Clean_Clothes_Campaign+Living_Wage_Action_Plan+Naura_Group_B_V+2021.json
Aldi Sud,2020,Clean Clothes Campaign+Living Wage Action Plan,No,Source-000091807,has no public plan describing how to improve wages for workers across its supplier network. Clean Clothes Campaign[https://wikirate.org/Clean_Clothes_Campaign].....2020-06-04 07:34:14 UTC Clean Clothes Campaign[https://wikirate.org/Clean_Clothes_Campaign].....2022-02-01 10:02:29 UTC,https://wikirate.org/Clean_Clothes_Campaign+Living_Wage_Action_Plan+Aldi_Sud.json,https://wikirate.org/Clean_Clothes_Campaign+Living_Wage_Action_Plan+Aldi_Sud+2020.json
Tesco PLC,2020,Clean Clothes Campaign+Living Wage Action Plan,Partial,Source-000091807,"www.actonlivingwages.com[http://www.actonlivingwages.com][http://www.actonlivingwages.com] Laureen van Breen[https://wikirate.org/Laureen_van_Breen].....2020-04-10 18:39:41 UTC says it is working on improving wages for workers across its supplier network. However, it does not meet all elements of a public, time-bound action plan. www.actonlivingwages.com[http://www.actonlivingwages.com][http://www.actonlivingwages.com] Clean Clothes Campaign[https://wikirate.org/Clean_Clothes_Campaign].....2020-06-04 07:36:21 UTC Clean Clothes Campaign[https://wikirate.org/Clean_Clothes_Campaign].....2022-02-01 10:02:31 UTC",https://wikirate.org/Clean_Clothes_Campaign+Living_Wage_Action_Plan+Tesco_PLC.json,https://wikirate.org/Clean_Clothes_Campaign+Living_Wage_Action_Plan+Tesco_PLC+2020.json
Inditex,2020,Clean Clothes Campaign+Living Wage Action Plan,Partial,Source-000091807,"https://www.inditex.com/en/our-commitment-to-people/our-suppliers/workers-at-thecenter/fundamental-rights-at-work/living-wages Laureen van Breen[https://wikirate.org/Laureen_van_Breen].....2020-04-10 18:39:31 UTC says it is working on improving wages for workers across its supplier network. However, it does not meet all elements of a public, time-bound action plan. https://www.inditex.com/en/our-commitment-to-people/our-suppliers/workers-at-thecenter/fundamental-rights-at-work/living-wages Clean Clothes Campaign[https://wikirate.org/Clean_Clothes_Campaign].....2020-06-04 07:36:48 UTC Clean Clothes Campaign[https://wikirate.org/Clean_Clothes_Campaign].....2022-02-01 10:02:30 UTC",https://wikirate.org/Clean_Clothes_Campaign+Living_Wage_Action_Plan+Inditex.json,https://wikirate.org/Clean_Clothes_Campaign+Living_Wage_Action_Plan+Inditex+2020.json
Primark,2020,Clean Clothes Campaign+Living Wage Action Plan,Partial,Source-000091807,"https://actonlivingwages.com/memorandum-of-understanding/ Laureen van Breen[https://wikirate.org/Laureen_van_Breen].....2020-04-10 18:39:39 UTC says it is working on improving wages for workers across its supplier network. However, it does not meet all elements of a public, time-bound action plan. https://actonlivingwages.com/memorandum-of-understanding/ Clean Clothes Campaign[https://wikirate.org/Clean_Clothes_Campaign].....2020-06-04 07:36:02 UTC Clean Clothes Campaign[https://wikirate.org/Clean_Clothes_Campaign].....2022-02-01 10:02:30 UTC",https://wikirate.org/Clean_Clothes_Campaign+Living_Wage_Action_Plan+Primark.json,https://wikirate.org/Clean_Clothes_Campaign+Living_Wage_Action_Plan+Primark+2020.json
Gap inc.,2020,Clean Clothes Campaign+Living Wage Action Plan,No,Source-000091807,has no public plan describing how to improve wages for workers across its supplier network. Clean Clothes Campaign[https://wikirate.org/Clean_Clothes_Campaign].....2020-06-04 07:35:03 UTC Clean Clothes Campaign[https://wikirate.org/Clean_Clothes_Campaign].....2022-02-01 10:02:21 UTC,https://wikirate.org/Clean_Clothes_Campaign+Living_Wage_Action_Plan+Gap_inc.json,https://wikirate.org/Clean_Clothes_Campaign+Living_Wage_Action_Plan+Gap_inc+2020.json
Levi Strauss & Co.,2020,Clean Clothes Campaign+Living Wage Action Plan,No,Source-000091807,has no public plan describing how to improve wages for workers across its supplier network. Clean Clothes Campaign[https://wikirate.org/Clean_Clothes_Campaign].....2020-06-04 07:35:27 UTC Clean Clothes Campaign[https://wikirate.org/Clean_Clothes_Campaign].....2022-02-01 10:02:21 UTC,https://wikirate.org/Clean_Clothes_Campaign+Living_Wage_Action_Plan+Levi_Strauss_Co.json,https://wikirate.org/Clean_Clothes_Campaign+Living_Wage_Action_Plan+Levi_Strauss_Co+2020.json
H&M,2020,Clean Clothes Campaign+Living Wage Action Plan,Partial,Source-000091807,"https://about.hm.com/en/sustainability/sustainable-fashion/wages.html Laureen van Breen[https://wikirate.org/Laureen_van_Breen].....2020-04-10 18:39:30 UTC says it is working on improving wages for workers across its supplier network. However, it does not meet all elements of a public, time-bound action plan. https://about.hm.com/en/sustainability/sustainable-fashion/wages.html Clean Clothes Campaign[https://wikirate.org/Clean_Clothes_Campaign].....2020-06-04 07:35:09 UTC Clean Clothes Campaign[https://wikirate.org/Clean_Clothes_Campaign].....2022-02-01 10:02:30 UTC",https://wikirate.org/Clean_Clothes_Campaign+Living_Wage_Action_Plan+H_M.json,https://wikirate.org/Clean_Clothes_Campaign+Living_Wage_Action_Plan+H_M+2020.json
Nike Inc.,2020,Clean Clothes Campaign+Living Wage Action Plan,No,Source-000091807,has no public plan describing how to improve wages for workers across its supplier network. Clean Clothes Campaign[https://wikirate.org/Clean_Clothes_Campaign].....2020-06-04 07:35:48 UTC Clean Clothes Campaign[https://wikirate.org/Clean_Clothes_Campaign].....2022-02-01 10:02:21 UTC,https://wikirate.org/Clean_Clothes_Campaign+Living_Wage_Action_Plan+Nike_Inc.json,https://wikirate.org/Clean_Clothes_Campaign+Living_Wage_Action_Plan+Nike_Inc+2020.json
Adidas AG,2020,Clean Clothes Campaign+Living Wage Action Plan,No,Source-000091807,has no public plan describing how to improve wages for workers across its supplier network. Clean Clothes Campaign[https://wikirate.org/Clean_Clothes_Campaign].....2020-06-04 07:34:12 UTC Clean Clothes Campaign[https://wikirate.org/Clean_Clothes_Campaign].....2022-02-01 10:02:24 UTC,https://wikirate.org/Clean_Clothes_Campaign+Living_Wage_Action_Plan+Adidas_AG.json,https://wikirate.org/Clean_Clothes_Campaign+Living_Wage_Action_Plan+Adidas_AG+2020.json
Benetton Group Spa,2020,Clean Clothes Campaign+Living Wage Action Plan,No,Source-000091807,has no public plan describing how to improve wages for workers across its supplier network. Clean Clothes Campaign[https://wikirate.org/Clean_Clothes_Campaign].....2020-06-04 07:34:29 UTC Clean Clothes Campaign[https://wikirate.org/Clean_Clothes_Campaign].....2022-02-01 10:02:19 UTC,https://wikirate.org/Clean_Clothes_Campaign+Living_Wage_Action_Plan+Benetton_Group_Spa.json,https://wikirate.org/Clean_Clothes_Campaign+Living_Wage_Action_Plan+Benetton_Group_Spa+2020.json
C&A,2020,Clean Clothes Campaign+Living Wage Action Plan,Partial,Source-000091807,"https://actonlivingwages.com/new-backgroundbrief- on-collective-bargaining-at-industry-level/ Laureen van Breen[https://wikirate.org/Laureen_van_Breen].....2020-04-10 18:39:24 UTC says it is working on improving wages for workers across its supplier network. However, it does not meet all elements of a public, time-bound action plan. https://actonlivingwages.com/new-backgroundbrief- on-collective-bargaining-at-industry-level/ Clean Clothes Campaign[https://wikirate.org/Clean_Clothes_Campaign].....2020-06-04 07:34:38 UTC Clean Clothes Campaign[https://wikirate.org/Clean_Clothes_Campaign].....2022-02-01 10:02:29 UTC",https://wikirate.org/Clean_Clothes_Campaign+Living_Wage_Action_Plan+C_A.json,https://wikirate.org/Clean_Clothes_Campaign+Living_Wage_Action_Plan+C_A+2020.json
Esprit Holdings Limited,2020,Clean Clothes Campaign+Living Wage Action Plan,Partial,Source-000091807,"https://actonlivingwages.com/ Laureen van Breen[https://wikirate.org/Laureen_van_Breen].....2020-04-10 18:40:07 UTC says it is working on improving wages for workers across its supplier network. However, it does not meet all elements of a public, time-bound action plan. https://actonlivingwages.com/ Clean Clothes Campaign[https://wikirate.org/Clean_Clothes_Campaign].....2020-06-04 07:34:52 UTC Clean Clothes Campaign[https://wikirate.org/Clean_Clothes_Campaign].....2022-02-01 10:02:32 UTC",https://wikirate.org/Clean_Clothes_Campaign+Living_Wage_Action_Plan+Esprit_Holdings_Limited.json,https://wikirate.org/Clean_Clothes_Campaign+Living_Wage_Action_Plan+Esprit_Holdings_Limited+2020.json
Marks and Spencer Group plc,2020,Clean Clothes Campaign+Living Wage Action Plan,Partial,Source-000091807,"https://corporate.marksandspencer.com/annual-report-2018/mands_plan_a_2018.pdf Laureen van Breen[https://wikirate.org/Laureen_van_Breen].....2020-04-10 18:37:22 UTC says it is working on improving wages for workers across its supplier network. However, it does not meet all elements of a public, time-bound action plan. https://corporate.marksandspencer.com/annual-report-2018/mands_plan_a_2018.pdf Clean Clothes Campaign[https://wikirate.org/Clean_Clothes_Campaign].....2020-06-04 07:35:38 UTC Clean Clothes Campaign[https://wikirate.org/Clean_Clothes_Campaign].....2022-02-01 10:02:31 UTC",https://wikirate.org/Clean_Clothes_Campaign+Living_Wage_Action_Plan+Marks_and_Spencer_Group_plc.json,https://wikirate.org/Clean_Clothes_Campaign+Living_Wage_Action_Plan+Marks_and_Spencer_Group_plc+2020.json
Lidl Stiftung & Co. KG,2020,Clean Clothes Campaign+Living Wage Action Plan,Partial,Source-000091807,"https://actonlivingwages.com/ Laureen van Breen[https://wikirate.org/Laureen_van_Breen].....2020-04-10 18:40:10 UTC says it is working on improving wages for workers across its supplier network. However, it does not meet all elements of a public, time-bound action plan. https://actonlivingwages.com/ Clean Clothes Campaign[https://wikirate.org/Clean_Clothes_Campaign].....2020-06-04 07:35:29 UTC Clean Clothes Campaign[https://wikirate.org/Clean_Clothes_Campaign].....2022-02-01 10:02:32 UTC",https://wikirate.org/Clean_Clothes_Campaign+Living_Wage_Action_Plan+Lidl_Stiftung_Co_KG.json,https://wikirate.org/Clean_Clothes_Campaign+Living_Wage_Action_Plan+Lidl_Stiftung_Co_KG+2020.json
"Amazon.com, Inc.",2020,Clean Clothes Campaign+Living Wage Action Plan,No,Source-000091807,has no public plan describing how to improve wages for workers across its supplier network. Clean Clothes Campaign[https://wikirate.org/Clean_Clothes_Campaign].....2020-06-04 07:34:17 UTC Clean Clothes Campaign[https://wikirate.org/Clean_Clothes_Campaign].....2022-02-01 10:02:20 UTC,https://wikirate.org/Clean_Clothes_Campaign+Living_Wage_Action_Plan+Amazon_com_Inc.json,https://wikirate.org/Clean_Clothes_Campaign+Living_Wage_Action_Plan+Amazon_com_Inc+2020.json
KiK Textilien und Non-Food GmbH,2020,Clean Clothes Campaign+Living Wage Action Plan,No,Source-000091807,has no public plan describing how to improve wages for workers across its supplier network. Clean Clothes Campaign[https://wikirate.org/Clean_Clothes_Campaign].....2020-06-04 07:35:20 UTC Clean Clothes Campaign[https://wikirate.org/Clean_Clothes_Campaign].....2022-02-01 10:02:24 UTC,https://wikirate.org/Clean_Clothes_Campaign+Living_Wage_Action_Plan+KiK_Textilien_und_Non_Food_GmbH.json,https://wikirate.org/Clean_Clothes_Campaign+Living_Wage_Action_Plan+KiK_Textilien_und_Non_Food_GmbH+2020.json
Carrefour S.A.,2020,Clean Clothes Campaign+Living Wage Action Plan,No,Source-000091807,has no public plan describing how to improve wages for workers across its supplier network. Clean Clothes Campaign[https://wikirate.org/Clean_Clothes_Campaign].....2020-06-04 07:34:42 UTC Clean Clothes Campaign[https://wikirate.org/Clean_Clothes_Campaign].....2022-02-01 10:02:27 UTC,https://wikirate.org/Clean_Clothes_Campaign+Living_Wage_Action_Plan+Carrefour_S_A.json,https://wikirate.org/Clean_Clothes_Campaign+Living_Wage_Action_Plan+Carrefour_S_A+2020.json
Gucci,2020,Clean Clothes Campaign+Living Wage Action Plan,No,Source-000091807,- http://equilibrium.gucci.com/wp-content/uploads/2018/11/Sustainability- Principals_ENG.pdf Laureen van Breen[https://wikirate.org/Laureen_van_Breen].....2020-04-10 18:39:29 UTC has no public plan describing how to improve wages for workers across its supplier network. - http://equilibrium.gucci.com/wp-content/uploads/2018/11/Sustainability- Principals_ENG.pdf Clean Clothes Campaign[https://wikirate.org/Clean_Clothes_Campaign].....2020-06-04 07:35:07 UTC Clean Clothes Campaign[https://wikirate.org/Clean_Clothes_Campaign].....2022-02-01 10:02:21 UTC,https://wikirate.org/Clean_Clothes_Campaign+Living_Wage_Action_Plan+Gucci.json,https://wikirate.org/Clean_Clothes_Campaign+Living_Wage_Action_Plan+Gucci+2020.json
Puma,2020,Clean Clothes Campaign+Living Wage Action Plan,No,Source-000091807,has no public plan describing how to improve wages for workers across its supplier network. Clean Clothes Campaign[https://wikirate.org/Clean_Clothes_Campaign].....2020-06-04 07:36:03 UTC Clean Clothes Campaign[https://wikirate.org/Clean_Clothes_Campaign].....2022-02-01 10:02:25 UTC,https://wikirate.org/Clean_Clothes_Campaign+Living_Wage_Action_Plan+Puma.json,https://wikirate.org/Clean_Clothes_Campaign+Living_Wage_Action_Plan+Puma+2020.json
Walmart,2020,Clean Clothes Campaign+Living Wage Action Plan,No,Source-000091807,has no public plan describing how to improve wages for workers across its supplier network. Clean Clothes Campaign[https://wikirate.org/Clean_Clothes_Campaign].....2020-06-04 07:34:20 UTC Clean Clothes Campaign[https://wikirate.org/Clean_Clothes_Campaign].....2022-02-01 10:02:22 UTC,https://wikirate.org/Clean_Clothes_Campaign+Living_Wage_Action_Plan+Walmart.json,https://wikirate.org/Clean_Clothes_Campaign+Living_Wage_Action_Plan+Walmart+2020.json
Hugo Boss AG,2020,Clean Clothes Campaign+Living Wage Action Plan,No,Source-000091807,has no public plan describing how to improve wages for workers across its supplier network. Clean Clothes Campaign[https://wikirate.org/Clean_Clothes_Campaign].....2020-06-04 07:35:12 UTC Clean Clothes Campaign[https://wikirate.org/Clean_Clothes_Campaign].....2022-02-01 10:02:25 UTC,https://wikirate.org/Clean_Clothes_Campaign+Living_Wage_Action_Plan+Hugo_Boss_AG.json,https://wikirate.org/Clean_Clothes_Campaign+Living_Wage_Action_Plan+Hugo_Boss_AG+2020.json
Vaude,2020,Clean Clothes Campaign+Living Wage Action Plan,Partial,Source-000091807,"https://csr-report.Vaude.com/gri-en/social/fair-wages.php Laureen van Breen[https://wikirate.org/Laureen_van_Breen].....2020-04-10 18:40:15 UTC says it is working on improving wages for workers across its supplier network. However, it does not meet all elements of a public, time-bound action plan. https://csr-report.vaude.com/gri-en/social/fair-wages.php Clean Clothes Campaign[https://wikirate.org/Clean_Clothes_Campaign].....2020-06-04 07:36:39 UTC Clean Clothes Campaign[https://wikirate.org/Clean_Clothes_Campaign].....2022-02-01 10:02:32 UTC",https://wikirate.org/Clean_Clothes_Campaign+Living_Wage_Action_Plan+Vaude.json,https://wikirate.org/Clean_Clothes_Campaign+Living_Wage_Action_Plan+Vaude+2020.json
Aldi Nord,2020,Clean Clothes Campaign+Living Wage Action Plan,No,Source-000091807,has no public plan describing how to improve wages for workers across its supplier network. Clean Clothes Campaign[https://wikirate.org/Clean_Clothes_Campaign].....2020-06-04 07:34:13 UTC Clean Clothes Campaign[https://wikirate.org/Clean_Clothes_Campaign].....2022-02-01 10:02:28 UTC,https://wikirate.org/Clean_Clothes_Campaign+Living_Wage_Action_Plan+Aldi_Nord.json,https://wikirate.org/Clean_Clothes_Campaign+Living_Wage_Action_Plan+Aldi_Nord+2020.json
Next PLC,2020,Clean Clothes Campaign+Living Wage Action Plan,Partial,Source-000091807,"https://www.nextplc.co.uk/~/media/Files/N/Next-PLC-V2/documents/corporate-responsibility/focus-2018/focus-4-partnership-engagement-collaboration-and-community.pdf Laureen van Breen[https://wikirate.org/Laureen_van_Breen].....2020-04-10 18:39:36 UTC says it is working on improving wages for workers across its supplier network. However, it does not meet all elements of a public, time-bound action plan. https://www.nextplc.co.uk/~/media/Files/N/Next-PLC-V2/documents/corporate-responsibility/focus-2018/focus-4-partnership-engagement-collaboration-and-community.pdf Clean Clothes Campaign[https://wikirate.org/Clean_Clothes_Campaign].....2020-06-17 14:36:06 UTC Clean Clothes Campaign[https://wikirate.org/Clean_Clothes_Campaign].....2022-02-01 10:02:30 UTC",https://wikirate.org/Clean_Clothes_Campaign+Living_Wage_Action_Plan+Next_PLC.json,https://wikirate.org/Clean_Clothes_Campaign+Living_Wage_Action_Plan+Next_PLC+2020.json
Kesko Corporation,2020,Clean Clothes Campaign+Living Wage Action Plan,No,Source-000091807,has no public plan describing how to improve wages for workers across its supplier network. Clean Clothes Campaign[https://wikirate.org/Clean_Clothes_Campaign].....2020-06-04 07:35:19 UTC Clean Clothes Campaign[https://wikirate.org/Clean_Clothes_Campaign].....2022-02-01 10:02:22 UTC,https://wikirate.org/Clean_Clothes_Campaign+Living_Wage_Action_Plan+Kesko_Corporation.json,https://wikirate.org/Clean_Clothes_Campaign+Living_Wage_Action_Plan+Kesko_Corporation+2020.json
Fast Retailing,2020,Clean Clothes Campaign+Living Wage Action Plan,No,Source-000091807,has no public plan describing how to improve wages for workers across its supplier network. Clean Clothes Campaign[https://wikirate.org/Clean_Clothes_Campaign].....2020-06-04 07:36:33 UTC Clean Clothes Campaign[https://wikirate.org/Clean_Clothes_Campaign].....2022-02-01 10:02:20 UTC,https://wikirate.org/Clean_Clothes_Campaign+Living_Wage_Action_Plan+Fast_Retailing.json,https://wikirate.org/Clean_Clothes_Campaign+Living_Wage_Action_Plan+Fast_Retailing+2020.json
Sainsbury's,2020,Clean Clothes Campaign+Living Wage Action Plan,No,Source-000091807,has no public plan describing how to improve wages for workers across its supplier network. Clean Clothes Campaign[https://wikirate.org/Clean_Clothes_Campaign].....2020-06-04 07:36:09 UTC Clean Clothes Campaign[https://wikirate.org/Clean_Clothes_Campaign].....2022-02-01 10:02:21 UTC,https://wikirate.org/Clean_Clothes_Campaign+Living_Wage_Action_Plan+Sainsbury_s.json,https://wikirate.org/Clean_Clothes_Campaign+Living_Wage_Action_Plan+Sainsbury_s+2020.json
PVH,2020,Clean Clothes Campaign+Living Wage Action Plan,Partial,Source-000091807,"https://www.pvh.com/responsibility/policy/Living- Wage-Strategy Laureen van Breen[https://wikirate.org/Laureen_van_Breen].....2020-04-10 18:39:39 UTC says it is working on improving wages for workers across its supplier network. However, it does not meet all elements of a public, time-bound action plan. https://www.pvh.com/responsibility/policy/Living- Wage-Strategy Clean Clothes Campaign[https://wikirate.org/Clean_Clothes_Campaign].....2020-06-04 07:36:28 UTC Clean Clothes Campaign[https://wikirate.org/Clean_Clothes_Campaign].....2022-02-01 10:02:30 UTC",https://wikirate.org/Clean_Clothes_Campaign+Living_Wage_Action_Plan+PVH.json,https://wikirate.org/Clean_Clothes_Campaign+Living_Wage_Action_Plan+PVH+2020.json
Fruit of the Loom,2020,Clean Clothes Campaign+Living Wage Action Plan,No,Source-000091807,has no public plan describing how to improve wages for workers across its supplier network. Clean Clothes Campaign[https://wikirate.org/Clean_Clothes_Campaign].....2020-06-04 07:34:59 UTC Clean Clothes Campaign[https://wikirate.org/Clean_Clothes_Campaign].....2022-02-01 10:02:20 UTC,https://wikirate.org/Clean_Clothes_Campaign+Living_Wage_Action_Plan+Fruit_of_the_Loom.json,https://wikirate.org/Clean_Clothes_Campaign+Living_Wage_Action_Plan+Fruit_of_the_Loom+2020.json
Under Armour,2020,Clean Clothes Campaign+Living Wage Action Plan,No,Source-000091807,https://www.fairlabor.org/sites/default/files/fair_compensation_work_plan_feb_2015.pdf Laureen van Breen[https://wikirate.org/Laureen_van_Breen].....2020-04-10 18:39:42 UTC has no public plan describing how to improve wages for workers across its supplier network. https://www.fairlabor.org/sites/default/files/fair_compensation_work_plan_feb_2015.pdf Clean Clothes Campaign[https://wikirate.org/Clean_Clothes_Campaign].....2020-06-04 07:36:31 UTC Clean Clothes Campaign[https://wikirate.org/Clean_Clothes_Campaign].....2022-02-01 10:02:21 UTC,https://wikirate.org/Clean_Clothes_Campaign+Living_Wage_Action_Plan+Under_Armour.json,https://wikirate.org/Clean_Clothes_Campaign+Living_Wage_Action_Plan+Under_Armour+2020.json
Asics Corporation,2020,Clean Clothes Campaign+Living Wage Action Plan,No,Source-000091807,has no public plan describing how to improve wages for workers across its supplier network. Clean Clothes Campaign[https://wikirate.org/Clean_Clothes_Campaign].....2020-06-04 07:34:21 UTC Clean Clothes Campaign[https://wikirate.org/Clean_Clothes_Campaign].....2022-02-01 10:02:26 UTC,https://wikirate.org/Clean_Clothes_Campaign+Living_Wage_Action_Plan+Asics_Corporation.json,https://wikirate.org/Clean_Clothes_Campaign+Living_Wage_Action_Plan+Asics_Corporation+2020.json
Stockmann Oyj Abp,2020,Clean Clothes Campaign+Living Wage Action Plan,No,Source-000091807,has no public plan describing how to improve wages for workers across its supplier network. Clean Clothes Campaign[https://wikirate.org/Clean_Clothes_Campaign].....2020-06-04 07:36:18 UTC Clean Clothes Campaign[https://wikirate.org/Clean_Clothes_Campaign].....2022-02-01 10:02:23 UTC,https://wikirate.org/Clean_Clothes_Campaign+Living_Wage_Action_Plan+Stockmann_Oyj_Abp.json,https://wikirate.org/Clean_Clothes_Campaign+Living_Wage_Action_Plan+Stockmann_Oyj_Abp+2020.json
Lindex,2020,Clean Clothes Campaign+Living Wage Action Plan,Partial,Source-000091807,"https://about.lindex.com/sustainability/our-sustainability-promise/empower-women/, https://about.lindex.com/sustainability/with-people-planet-in-mind/living-wage/ Laureen van Breen[https://wikirate.org/Laureen_van_Breen].....2020-04-10 18:39:50 UTC says it is working on improving wages for workers across its supplier network. However, it does not meet all elements of a public, time-bound action plan. https://about.lindex.com/sustainability/our-sustainability-promise/empower-women/, https://about.lindex.com/sustainability/with-people-planet-in-mind/living-wage/ Clean Clothes Campaign[https://wikirate.org/Clean_Clothes_Campaign].....2020-06-04 07:35:31 UTC Clean Clothes Campaign[https://wikirate.org/Clean_Clothes_Campaign].....2022-02-01 10:02:31 UTC",https://wikirate.org/Clean_Clothes_Campaign+Living_Wage_Action_Plan+Lindex.json,https://wikirate.org/Clean_Clothes_Campaign+Living_Wage_Action_Plan+Lindex+2020.json
Otto Group,2020,Clean Clothes Campaign+Living Wage Action Plan,No,Source-000091807,has no public plan describing how to improve wages for workers across its supplier network. Clean Clothes Campaign[https://wikirate.org/Clean_Clothes_Campaign].....2020-06-04 07:35:53 UTC Clean Clothes Campaign[https://wikirate.org/Clean_Clothes_Campaign].....2022-02-01 10:02:25 UTC,https://wikirate.org/Clean_Clothes_Campaign+Living_Wage_Action_Plan+Otto_Group.json,https://wikirate.org/Clean_Clothes_Campaign+Living_Wage_Action_Plan+Otto_Group+2020.json
G-star RAW,2020,Clean Clothes Campaign+Living Wage Action Plan,Partial,Source-000091807,"says it is working on improving wages for workers across its supplier network. However, it does not meet all elements of a public, time-bound action plan. Clean Clothes Campaign[https://wikirate.org/Clean_Clothes_Campaign].....2020-06-04 07:35:02 UTC Clean Clothes Campaign[https://wikirate.org/Clean_Clothes_Campaign].....2022-02-01 10:02:29 UTC",https://wikirate.org/Clean_Clothes_Campaign+Living_Wage_Action_Plan+G_star_RAW.json,https://wikirate.org/Clean_Clothes_Campaign+Living_Wage_Action_Plan+G_star_RAW+2020.json
SOK S Group,2020,Clean Clothes Campaign+Living Wage Action Plan,No,Source-000091807,has no public plan describing how to improve wages for workers across its supplier network. Clean Clothes Campaign[https://wikirate.org/Clean_Clothes_Campaign].....2020-06-04 07:36:06 UTC Clean Clothes Campaign[https://wikirate.org/Clean_Clothes_Campaign].....2022-02-01 10:02:22 UTC,https://wikirate.org/Clean_Clothes_Campaign+Living_Wage_Action_Plan+SOK_S_Group.json,https://wikirate.org/Clean_Clothes_Campaign+Living_Wage_Action_Plan+SOK_S_Group+2020.json
Asos,2020,Clean Clothes Campaign+Living Wage Action Plan,Partial,Source-000091807,"https://www.asosplc.com/corporate-responsibility/ourproducts/ethical-trade-programme Laureen van Breen[https://wikirate.org/Laureen_van_Breen].....2020-04-10 18:39:22 UTC says it is working on improving wages for workers across its supplier network. However, it does not meet all elements of a public, time-bound action plan. https://www.asosplc.com/corporate-responsibility/ourproducts/ethical-trade-programme Clean Clothes Campaign[https://wikirate.org/Clean_Clothes_Campaign].....2020-06-04 07:34:22 UTC Clean Clothes Campaign[https://wikirate.org/Clean_Clothes_Campaign].....2022-02-01 10:02:29 UTC",https://wikirate.org/Clean_Clothes_Campaign+Living_Wage_Action_Plan+Asos.json,https://wikirate.org/Clean_Clothes_Campaign+Living_Wage_Action_Plan+Asos+2020.json
New Look Retail Group,2020,Clean Clothes Campaign+Living Wage Action Plan,Partial,Source-000091807,"https://actonlivingwages.com/members/ Laureen van Breen[https://wikirate.org/Laureen_van_Breen].....2020-04-10 18:39:35 UTC says it is working on improving wages for workers across its supplier network. However, it does not meet all elements of a public, time-bound action plan. https://actonlivingwages.com/members/ Clean Clothes Campaign[https://wikirate.org/Clean_Clothes_Campaign].....2020-06-04 07:35:45 UTC Clean Clothes Campaign[https://wikirate.org/Clean_Clothes_Campaign].....2022-02-01 10:02:30 UTC",https://wikirate.org/Clean_Clothes_Campaign+Living_Wage_Action_Plan+New_Look_Retail_Group.json,https://wikirate.org/Clean_Clothes_Campaign+Living_Wage_Action_Plan+New_Look_Retail_Group+2020.json
Marimekko,2020,Clean Clothes Campaign+Living Wage Action Plan,No,Source-000091807,has no public plan describing how to improve wages for workers across its supplier network. Clean Clothes Campaign[https://wikirate.org/Clean_Clothes_Campaign].....2020-06-04 07:35:39 UTC Clean Clothes Campaign[https://wikirate.org/Clean_Clothes_Campaign].....2022-02-01 10:02:22 UTC,https://wikirate.org/Clean_Clothes_Campaign+Living_Wage_Action_Plan+Marimekko.json,https://wikirate.org/Clean_Clothes_Campaign+Living_Wage_Action_Plan+Marimekko+2020.json
Zalando SE,2020,Clean Clothes Campaign+Living Wage Action Plan,Partial,Source-000091807,"https://actonlivingwages.com/ Laureen van Breen[https://wikirate.org/Laureen_van_Breen].....2020-04-10 18:40:16 UTC says it is working on improving wages for workers across its supplier network. However, it does not meet all elements of a public, time-bound action plan. https://actonlivingwages.com/ Clean Clothes Campaign[https://wikirate.org/Clean_Clothes_Campaign].....2020-06-04 07:36:46 UTC Clean Clothes Campaign[https://wikirate.org/Clean_Clothes_Campaign].....2022-02-01 10:02:32 UTC",https://wikirate.org/Clean_Clothes_Campaign+Living_Wage_Action_Plan+Zalando_SE.json,https://wikirate.org/Clean_Clothes_Campaign+Living_Wage_Action_Plan+Zalando_SE+2020.json
Tchibo GmbH,2020,Clean Clothes Campaign+Living Wage Action Plan,Partial,Source-000091807,"https://Tchibo GmbH-nachhaltigkeit.de/servlet/content/1253142/-/home/consumer-goods-value-[http://GmbH-nachhaltigkeit.de/servlet/content/1253142/-/home/consumer-goods-value-][http://GmbH-nachhaltigkeit.de/servlet/content/1253142/-/home/consumer-goods-value-] chain/sustainable-development/global-challenges-initiatives-to-develop-system- solutions.html Laureen van Breen[https://wikirate.org/Laureen_van_Breen].....2020-04-10 18:39:40 UTC says it is working on improving wages for workers across its supplier network. However, it does not meet all elements of a public, time-bound action plan. https://tchibo-nachhaltigkeit.de/servlet/content/1253142/-/home/consumer-goods-value- chain/sustainable-development/global-challenges-initiatives-to-develop-system- solutions.html Clean Clothes Campaign[https://wikirate.org/Clean_Clothes_Campaign].....2020-06-04 07:36:20 UTC Clean Clothes Campaign[https://wikirate.org/Clean_Clothes_Campaign].....2022-02-01 10:02:31 UTC",https://wikirate.org/Clean_Clothes_Campaign+Living_Wage_Action_Plan+Tchibo_GmbH.json,https://wikirate.org/Clean_Clothes_Campaign+Living_Wage_Action_Plan+Tchibo_GmbH+2020.json
Geox SpA,2020,Clean Clothes Campaign+Living Wage Action Plan,No,Source-000091807,has no public plan describing how to improve wages for workers across its supplier network. Clean Clothes Campaign[https://wikirate.org/Clean_Clothes_Campaign].....2020-06-04 07:35:05 UTC Clean Clothes Campaign[https://wikirate.org/Clean_Clothes_Campaign].....2022-02-01 10:02:20 UTC,https://wikirate.org/Clean_Clothes_Campaign+Living_Wage_Action_Plan+Geox_SpA.json,https://wikirate.org/Clean_Clothes_Campaign+Living_Wage_Action_Plan+Geox_SpA+2020.json
Bestseller AS,2020,Clean Clothes Campaign+Living Wage Action Plan,Partial,Source-000091807,"says it is working on improving wages for workers across its supplier network. However, it does not meet all elements of a public, time-bound action plan. Clean Clothes Campaign[https://wikirate.org/Clean_Clothes_Campaign].....2020-06-04 07:34:30 UTC Clean Clothes Campaign[https://wikirate.org/Clean_Clothes_Campaign].....2022-02-01 10:02:31 UTC",https://wikirate.org/Clean_Clothes_Campaign+Living_Wage_Action_Plan+Bestseller_AS.json,https://wikirate.org/Clean_Clothes_Campaign+Living_Wage_Action_Plan+Bestseller_AS+2020.json
Missguided Limited,2020,Clean Clothes Campaign+Living Wage Action Plan,No,Source-000091807,has no public plan describing how to improve wages for workers across its supplier network. Clean Clothes Campaign[https://wikirate.org/Clean_Clothes_Campaign].....2020-06-04 07:35:42 UTC Clean Clothes Campaign[https://wikirate.org/Clean_Clothes_Campaign].....2022-02-01 10:02:21 UTC,https://wikirate.org/Clean_Clothes_Campaign+Living_Wage_Action_Plan+Missguided_Limited.json,https://wikirate.org/Clean_Clothes_Campaign+Living_Wage_Action_Plan+Missguided_Limited+2020.json
Monsoon Accessorize Ltd,2020,Clean Clothes Campaign+Living Wage Action Plan,No,Source-000091807,has no public plan describing how to improve wages for workers across its supplier network. Clean Clothes Campaign[https://wikirate.org/Clean_Clothes_Campaign].....2020-06-04 07:35:43 UTC Clean Clothes Campaign[https://wikirate.org/Clean_Clothes_Campaign].....2022-02-01 10:02:21 UTC,https://wikirate.org/Clean_Clothes_Campaign+Living_Wage_Action_Plan+Monsoon_Accessorize_Ltd.json,https://wikirate.org/Clean_Clothes_Campaign+Living_Wage_Action_Plan+Monsoon_Accessorize_Ltd+2020.json
Reima,2020,Clean Clothes Campaign+Living Wage Action Plan,No,Source-000091807,has no public plan describing how to improve wages for workers across its supplier network. Clean Clothes Campaign[https://wikirate.org/Clean_Clothes_Campaign].....2020-06-04 07:36:05 UTC Clean Clothes Campaign[https://wikirate.org/Clean_Clothes_Campaign].....2022-02-01 10:02:22 UTC,https://wikirate.org/Clean_Clothes_Campaign+Living_Wage_Action_Plan+Reima.json,https://wikirate.org/Clean_Clothes_Campaign+Living_Wage_Action_Plan+Reima+2020.json
OLYMP Bezner KG,2020,Clean Clothes Campaign+Living Wage Action Plan,No,Source-000091807,has no public plan describing how to improve wages for workers across its supplier network. Clean Clothes Campaign[https://wikirate.org/Clean_Clothes_Campaign].....2020-06-04 07:35:52 UTC Clean Clothes Campaign[https://wikirate.org/Clean_Clothes_Campaign].....2022-02-01 10:02:28 UTC,https://wikirate.org/Clean_Clothes_Campaign+Living_Wage_Action_Plan+OLYMP_Bezner_KG.json,https://wikirate.org/Clean_Clothes_Campaign+Living_Wage_Action_Plan+OLYMP_Bezner_KG+2020.json
Hema,2020,Clean Clothes Campaign+Living Wage Action Plan,No,Source-000091807,has no public plan describing how to improve wages for workers across its supplier network. Clean Clothes Campaign[https://wikirate.org/Clean_Clothes_Campaign].....2020-06-04 07:35:10 UTC Clean Clothes Campaign[https://wikirate.org/Clean_Clothes_Campaign].....2022-02-01 10:02:26 UTC,https://wikirate.org/Clean_Clothes_Campaign+Living_Wage_Action_Plan+Hema.json,https://wikirate.org/Clean_Clothes_Campaign+Living_Wage_Action_Plan+Hema+2020.json
The Sting B.V.,2020,Clean Clothes Campaign+Living Wage Action Plan,No,Source-000091807,has no public plan describing how to improve wages for workers across its supplier network. Clean Clothes Campaign[https://wikirate.org/Clean_Clothes_Campaign].....2020-06-04 07:36:23 UTC Clean Clothes Campaign[https://wikirate.org/Clean_Clothes_Campaign].....2022-02-01 10:02:18 UTC,https://wikirate.org/Clean_Clothes_Campaign+Living_Wage_Action_Plan+The_Sting_B_V.json,https://wikirate.org/Clean_Clothes_Campaign+Living_Wage_Action_Plan+The_Sting_B_V+2020.json
We Europe BV,2020,Clean Clothes Campaign+Living Wage Action Plan,No,Source-000091807,has no public plan describing how to improve wages for workers across its supplier network. Clean Clothes Campaign[https://wikirate.org/Clean_Clothes_Campaign].....2020-06-04 07:36:42 UTC Clean Clothes Campaign[https://wikirate.org/Clean_Clothes_Campaign].....2022-02-01 10:02:19 UTC,https://wikirate.org/Clean_Clothes_Campaign+Living_Wage_Action_Plan+We_Europe_BV.json,https://wikirate.org/Clean_Clothes_Campaign+Living_Wage_Action_Plan+We_Europe_BV+2020.json
Wibra Supermarkt B.V.,2020,Clean Clothes Campaign+Living Wage Action Plan,No,Source-000091807,has no public plan describing how to improve wages for workers across its supplier network. Clean Clothes Campaign[https://wikirate.org/Clean_Clothes_Campaign].....2020-06-04 07:36:45 UTC Clean Clothes Campaign[https://wikirate.org/Clean_Clothes_Campaign].....2022-02-01 10:02:19 UTC,https://wikirate.org/Clean_Clothes_Campaign+Living_Wage_Action_Plan+Wibra_Supermarkt_B_V.json,https://wikirate.org/Clean_Clothes_Campaign+Living_Wage_Action_Plan+Wibra_Supermarkt_B_V+2020.json
Zeeman,2020,Clean Clothes Campaign+Living Wage Action Plan,Partial,Source-000091807,"https://zeeman.turnpages.com/DS/public/slot00078/pdf/compleet.pdf p24 and 25 Laureen van Breen[https://wikirate.org/Laureen_van_Breen].....2020-04-10 18:39:16 UTC says it is working on improving wages for workers across its supplier network. However, it does not meet all elements of a public, time-bound action plan. https://zeeman.turnpages.com/DS/public/slot00078/pdf/compleet.pdf p24 and 25 Clean Clothes Campaign[https://wikirate.org/Clean_Clothes_Campaign].....2020-06-04 07:36:49 UTC Clean Clothes Campaign[https://wikirate.org/Clean_Clothes_Campaign].....2022-02-01 10:02:29 UTC",https://wikirate.org/Clean_Clothes_Campaign+Living_Wage_Action_Plan+Zeeman.json,https://wikirate.org/Clean_Clothes_Campaign+Living_Wage_Action_Plan+Zeeman+2020.json
LPP,2020,Clean Clothes Campaign+Living Wage Action Plan,No,Source-000091807,has no public plan describing how to improve wages for workers across its supplier network. Clean Clothes Campaign[https://wikirate.org/Clean_Clothes_Campaign].....2020-06-04 07:35:35 UTC Clean Clothes Campaign[https://wikirate.org/Clean_Clothes_Campaign].....2022-02-01 10:02:27 UTC,https://wikirate.org/Clean_Clothes_Campaign+Living_Wage_Action_Plan+LPP.json,https://wikirate.org/Clean_Clothes_Campaign+Living_Wage_Action_Plan+LPP+2020.json
Brands Fashion,2020,Clean Clothes Campaign+Living Wage Action Plan,Partial,Source-000091807,"https://www.brands-fashion.com/news/2018-10-19-fairtrade-textilstandard/ Laureen van Breen[https://wikirate.org/Laureen_van_Breen].....2020-04-10 18:40:05 UTC says it is working on improving wages for workers across its supplier network. However, it does not meet all elements of a public, time-bound action plan. https://www.brands-fashion.com/news/2018-10-19-fairtrade-textilstandard/ Clean Clothes Campaign[https://wikirate.org/Clean_Clothes_Campaign].....2020-06-04 07:34:35 UTC Clean Clothes Campaign[https://wikirate.org/Clean_Clothes_Campaign].....2022-02-01 10:02:31 UTC",https://wikirate.org/Clean_Clothes_Campaign+Living_Wage_Action_Plan+Brands_Fashion.json,https://wikirate.org/Clean_Clothes_Campaign+Living_Wage_Action_Plan+Brands_Fashion+2020.json
S.Oliver,2020,Clean Clothes Campaign+Living Wage Action Plan,No,Source-000091807,has no public plan describing how to improve wages for workers across its supplier network. Clean Clothes Campaign[https://wikirate.org/Clean_Clothes_Campaign].....2020-06-04 07:36:07 UTC Clean Clothes Campaign[https://wikirate.org/Clean_Clothes_Campaign].....2022-02-01 10:02:26 UTC,https://wikirate.org/Clean_Clothes_Campaign+Living_Wage_Action_Plan+S_Oliver.json,https://wikirate.org/Clean_Clothes_Campaign+Living_Wage_Action_Plan+S_Oliver+2020.json
Arcadia Group,2020,Clean Clothes Campaign+Living Wage Action Plan,Partial,Source-000091807,"YesNohttp://arcadiafashionfootprint.co.uk/ - page 11 Laureen van Breen[https://wikirate.org/Laureen_van_Breen].....2020-04-10 18:39:21 UTC says it is working on improving wages for workers across its supplier network. However, it does not meet all elements of a public, time-bound action plan. http://arcadiafashionfootprint.co.uk/ Clean Clothes Campaign[https://wikirate.org/Clean_Clothes_Campaign].....2020-06-04 07:34:18 UTC Clean Clothes Campaign[https://wikirate.org/Clean_Clothes_Campaign].....2022-02-01 10:02:29 UTC",https://wikirate.org/Clean_Clothes_Campaign+Living_Wage_Action_Plan+Arcadia_Group.json,https://wikirate.org/Clean_Clothes_Campaign+Living_Wage_Action_Plan+Arcadia_Group+2020.json
Decathlon Group,2020,Clean Clothes Campaign+Living Wage Action Plan,No,Source-000091807,has no public plan describing how to improve wages for workers across its supplier network. Clean Clothes Campaign[https://wikirate.org/Clean_Clothes_Campaign].....2020-06-04 07:34:47 UTC Clean Clothes Campaign[https://wikirate.org/Clean_Clothes_Campaign].....2022-02-01 10:02:20 UTC,https://wikirate.org/Clean_Clothes_Campaign+Living_Wage_Action_Plan+Decathlon_Group.json,https://wikirate.org/Clean_Clothes_Campaign+Living_Wage_Action_Plan+Decathlon_Group+2020.json
Pentland Brands Ltd,2020,Clean Clothes Campaign+Living Wage Action Plan,Partial,Source-000091807,"Not public Laureen van Breen[https://wikirate.org/Laureen_van_Breen].....2020-04-10 18:39:38 UTC says it is working on improving wages for workers across its supplier network. However, it does not meet all elements of a public, time-bound action plan. Not public Clean Clothes Campaign[https://wikirate.org/Clean_Clothes_Campaign].....2020-06-04 07:35:59 UTC Clean Clothes Campaign[https://wikirate.org/Clean_Clothes_Campaign].....2022-02-01 10:02:30 UTC",https://wikirate.org/Clean_Clothes_Campaign+Living_Wage_Action_Plan+Pentland_Brands_Ltd.json,https://wikirate.org/Clean_Clothes_Campaign+Living_Wage_Action_Plan+Pentland_Brands_Ltd+2020.json
Bierbaum-Proenen GmbH & Co KG,2020,Clean Clothes Campaign+Living Wage Action Plan,No,Source-000091807,has no public plan describing how to improve wages for workers across its supplier network. Clean Clothes Campaign[https://wikirate.org/Clean_Clothes_Campaign].....2020-06-04 07:34:34 UTC Clean Clothes Campaign[https://wikirate.org/Clean_Clothes_Campaign].....2022-02-01 10:02:24 UTC,https://wikirate.org/Clean_Clothes_Campaign+Living_Wage_Action_Plan+Bierbaum_Proenen_GmbH_Co_KG.json,https://wikirate.org/Clean_Clothes_Campaign+Living_Wage_Action_Plan+Bierbaum_Proenen_GmbH_Co_KG+2020.json
Boohoo.com,2020,Clean Clothes Campaign+Living Wage Action Plan,No,Source-000091807,has no public plan describing how to improve wages for workers across its supplier network. Clean Clothes Campaign[https://wikirate.org/Clean_Clothes_Campaign].....2020-06-04 07:34:33 UTC Clean Clothes Campaign[https://wikirate.org/Clean_Clothes_Campaign].....2022-02-01 10:02:20 UTC,https://wikirate.org/Clean_Clothes_Campaign+Living_Wage_Action_Plan+Boohoo_com.json,https://wikirate.org/Clean_Clothes_Campaign+Living_Wage_Action_Plan+Boohoo_com+2020.json
Stanley and Stella SA,2020,Clean Clothes Campaign+Living Wage Action Plan,Yes,Source-000091807,"has published a time-bound, public action plan describing how it will achieve a living wage for workers in its supply chain. Clean Clothes Campaign[https://wikirate.org/Clean_Clothes_Campaign].....2020-06-04 07:36:17 UTC Clean Clothes Campaign[https://wikirate.org/Clean_Clothes_Campaign].....2022-02-01 10:02:33 UTC",https://wikirate.org/Clean_Clothes_Campaign+Living_Wage_Action_Plan+Stanley_and_Stella_SA.json,https://wikirate.org/Clean_Clothes_Campaign+Living_Wage_Action_Plan+Stanley_and_Stella_SA+2020.json
Jack Wolfskin,2020,Clean Clothes Campaign+Living Wage Action Plan,Partial,Source-000091807,"says it is working on improving wages for workers across its supplier network. However, it does not meet all elements of a public, time-bound action plan. Clean Clothes Campaign[https://wikirate.org/Clean_Clothes_Campaign].....2020-06-04 07:35:13 UTC Clean Clothes Campaign[https://wikirate.org/Clean_Clothes_Campaign].....2022-02-01 10:02:32 UTC",https://wikirate.org/Clean_Clothes_Campaign+Living_Wage_Action_Plan+Jack_Wolfskin.json,https://wikirate.org/Clean_Clothes_Campaign+Living_Wage_Action_Plan+Jack_Wolfskin+2020.json
LaDress,2020,Clean Clothes Campaign+Living Wage Action Plan,Partial,Source-000091807,"https://www.ladress.com/on/demandware.static/-/Sites-ladress-Library/default/dwc32fcd5a/PDF/IMVO_beleid_LaDress_NL.pdf pp 12, 13 Laureen van Breen[https://wikirate.org/Laureen_van_Breen].....2020-04-10 18:40:22 UTC says it is working on improving wages for workers across its supplier network. However, it does not meet all elements of a public, time-bound action plan. https://www.ladress.com/on/demandware.static/-/Sites-ladress-Library/default/dwc32fcd5a/PDF/IMVO_beleid_LaDress_NL.pdf pp 12, 13 Clean Clothes Campaign[https://wikirate.org/Clean_Clothes_Campaign].....2020-06-04 07:35:26 UTC Clean Clothes Campaign[https://wikirate.org/Clean_Clothes_Campaign].....2022-02-01 10:02:32 UTC",https://wikirate.org/Clean_Clothes_Campaign+Living_Wage_Action_Plan+LaDress.json,https://wikirate.org/Clean_Clothes_Campaign+Living_Wage_Action_Plan+LaDress+2020.json
Schijvens,2020,Clean Clothes Campaign+Living Wage Action Plan,Partial,Source-000091807,"https://www.schijvens.nl/wp-content/uploads/2019/12/Plan-van-Aanpak-2019.pdf p13, 22, 23 Laureen van Breen[https://wikirate.org/Laureen_van_Breen].....2020-04-10 18:39:13 UTC says it is working on improving wages for workers across its supplier network. However, it does not meet all elements of a public, time-bound action plan. https://www.schijvens.nl/wp-content/uploads/2019/12/Plan-van-Aanpak-2019.pdf p13, 22, 23 Clean Clothes Campaign[https://wikirate.org/Clean_Clothes_Campaign].....2020-06-04 07:36:12 UTC Clean Clothes Campaign[https://wikirate.org/Clean_Clothes_Campaign].....2022-02-01 10:02:29 UTC",https://wikirate.org/Clean_Clothes_Campaign+Living_Wage_Action_Plan+Schijvens.json,https://wikirate.org/Clean_Clothes_Campaign+Living_Wage_Action_Plan+Schijvens+2020.json
Mayerline,2020,Clean Clothes Campaign+Living Wage Action Plan,No,Source-000091807,has no public plan describing how to improve wages for workers across its supplier network. Clean Clothes Campaign[https://wikirate.org/Clean_Clothes_Campaign].....2020-06-04 07:35:41 UTC Clean Clothes Campaign[https://wikirate.org/Clean_Clothes_Campaign].....2022-02-01 10:02:25 UTC,https://wikirate.org/Clean_Clothes_Campaign+Living_Wage_Action_Plan+Mayerline.json,https://wikirate.org/Clean_Clothes_Campaign+Living_Wage_Action_Plan+Mayerline+2020.json
FNG International NV,2020,Clean Clothes Campaign+Living Wage Action Plan,No,Source-000091807,has no public plan describing how to improve wages for workers across its supplier network. Clean Clothes Campaign[https://wikirate.org/Clean_Clothes_Campaign].....2020-06-04 07:34:46 UTC Clean Clothes Campaign[https://wikirate.org/Clean_Clothes_Campaign].....2022-02-01 10:02:23 UTC,https://wikirate.org/Clean_Clothes_Campaign+Living_Wage_Action_Plan+FNG_International_NV.json,https://wikirate.org/Clean_Clothes_Campaign+Living_Wage_Action_Plan+FNG_International_NV+2020.json
Bel&Bo,2020,Clean Clothes Campaign+Living Wage Action Plan,No,Source-000091807,,https://wikirate.org/Clean_Clothes_Campaign+Living_Wage_Action_Plan+Bel_Bo.json,https://wikirate.org/Clean_Clothes_Campaign+Living_Wage_Action_Plan+Bel_Bo+2020.json
Bel-Confect,2020,Clean Clothes Campaign+Living Wage Action Plan,Yes,Source-000091807,"has published a time-bound, public action plan describing how it will achieve a living wage for workers in its supply chain. Clean Clothes Campaign[https://wikirate.org/Clean_Clothes_Campaign].....2020-06-04 07:34:28 UTC Clean Clothes Campaign[https://wikirate.org/Clean_Clothes_Campaign].....2022-02-01 10:02:33 UTC",https://wikirate.org/Clean_Clothes_Campaign+Living_Wage_Action_Plan+Bel_Confect.json,https://wikirate.org/Clean_Clothes_Campaign+Living_Wage_Action_Plan+Bel_Confect+2020.json
Engelbert Strauss,2020,Clean Clothes Campaign+Living Wage Action Plan,No,Source-000091807,https://api.fairwear.org/wp-content/uploads/2019/04/engelbert-strauss-gmbh-co-kg-performance-check-2018.pdf Laureen van Breen[https://wikirate.org/Laureen_van_Breen].....2020-04-10 18:40:06 UTC has no public plan describing how to improve wages for workers across its supplier network. https://api.fairwear.org/wp-content/uploads/2019/04/engelbert-strauss-gmbh-co-kg-performance-check-2018.pdf Clean Clothes Campaign[https://wikirate.org/Clean_Clothes_Campaign].....2020-06-04 07:34:50 UTC Clean Clothes Campaign[https://wikirate.org/Clean_Clothes_Campaign].....2022-02-01 10:02:25 UTC,https://wikirate.org/Clean_Clothes_Campaign+Living_Wage_Action_Plan+Engelbert_Strauss.json,https://wikirate.org/Clean_Clothes_Campaign+Living_Wage_Action_Plan+Engelbert_Strauss+2020.json
Kings Of Indigo,2020,Clean Clothes Campaign+Living Wage Action Plan,Yes,Source-000091807,"https://cdn.shopify.com/s/files/1/0060/4553/2275/files/AGT_report_2019.pdf, page 78. Laureen van Breen[https://wikirate.org/Laureen_van_Breen].....2020-04-10 18:40:20 UTC has published a time-bound, public action plan describing how it will achieve a living wage for workers in its supply chain. https://cdn.shopify.com/s/files/1/0060/4553/2275/files/AGT_report_2019.pdf, page 78. Clean Clothes Campaign[https://wikirate.org/Clean_Clothes_Campaign].....2020-06-04 07:35:22 UTC Clean Clothes Campaign[https://wikirate.org/Clean_Clothes_Campaign].....2022-02-01 10:02:32 UTC",https://wikirate.org/Clean_Clothes_Campaign+Living_Wage_Action_Plan+Kings_Of_Indigo.json,https://wikirate.org/Clean_Clothes_Campaign+Living_Wage_Action_Plan+Kings_Of_Indigo+2020.json
Cassis / Paprika S.A.,2020,Clean Clothes Campaign+Living Wage Action Plan,No,Source-000091807,has no public plan describing how to improve wages for workers across its supplier network. Clean Clothes Campaign[https://wikirate.org/Clean_Clothes_Campaign].....2020-06-04 07:34:43 UTC Clean Clothes Campaign[https://wikirate.org/Clean_Clothes_Campaign].....2022-02-01 10:02:25 UTC,https://wikirate.org/Clean_Clothes_Campaign+Living_Wage_Action_Plan+Cassis_Paprika_S_A.json,https://wikirate.org/Clean_Clothes_Campaign+Living_Wage_Action_Plan+Cassis_Paprika_S_A+2020.json
Calzedonia,2020,Clean Clothes Campaign+Living Wage Action Plan,No,Source-000091807,has no public plan describing how to improve wages for workers across its supplier network. Clean Clothes Campaign[https://wikirate.org/Clean_Clothes_Campaign].....2020-06-04 07:34:40 UTC Clean Clothes Campaign[https://wikirate.org/Clean_Clothes_Campaign].....2022-02-01 10:02:19 UTC,https://wikirate.org/Clean_Clothes_Campaign+Living_Wage_Action_Plan+Calzedonia.json,https://wikirate.org/Clean_Clothes_Campaign+Living_Wage_Action_Plan+Calzedonia+2020.json
Tom Tailor,2020,Clean Clothes Campaign+Living Wage Action Plan,No,Source-000091807,has no public plan describing how to improve wages for workers across its supplier network. Clean Clothes Campaign[https://wikirate.org/Clean_Clothes_Campaign].....2020-06-04 07:36:26 UTC Clean Clothes Campaign[https://wikirate.org/Clean_Clothes_Campaign].....2022-02-01 10:02:26 UTC,https://wikirate.org/Clean_Clothes_Campaign+Living_Wage_Action_Plan+Tom_Tailor.json,https://wikirate.org/Clean_Clothes_Campaign+Living_Wage_Action_Plan+Tom_Tailor+2020.json
Kuyichi,2020,Clean Clothes Campaign+Living Wage Action Plan,No,Source-000091807,has no public plan describing how to improve wages for workers across its supplier network. Clean Clothes Campaign[https://wikirate.org/Clean_Clothes_Campaign].....2020-06-04 07:35:24 UTC Clean Clothes Campaign[https://wikirate.org/Clean_Clothes_Campaign].....2022-02-01 10:02:26 UTC,https://wikirate.org/Clean_Clothes_Campaign+Living_Wage_Action_Plan+Kuyichi.json,https://wikirate.org/Clean_Clothes_Campaign+Living_Wage_Action_Plan+Kuyichi+2020.json
Scotch and Soda,2020,Clean Clothes Campaign+Living Wage Action Plan,No,Source-000091807,has no public plan describing how to improve wages for workers across its supplier network. Clean Clothes Campaign[https://wikirate.org/Clean_Clothes_Campaign].....2020-06-04 07:36:14 UTC Clean Clothes Campaign[https://wikirate.org/Clean_Clothes_Campaign].....2022-02-01 10:02:24 UTC,https://wikirate.org/Clean_Clothes_Campaign+Living_Wage_Action_Plan+Scotch_and_Soda.json,https://wikirate.org/Clean_Clothes_Campaign+Living_Wage_Action_Plan+Scotch_and_Soda+2020.json
Peek & Cloppenburg,2020,Clean Clothes Campaign+Living Wage Action Plan,No,Source-000091807,has no public plan describing how to improve wages for workers across its supplier network. Clean Clothes Campaign[https://wikirate.org/Clean_Clothes_Campaign].....2020-06-04 07:35:57 UTC Clean Clothes Campaign[https://wikirate.org/Clean_Clothes_Campaign].....2022-02-01 10:02:25 UTC,https://wikirate.org/Clean_Clothes_Campaign+Living_Wage_Action_Plan+Peek_Cloppenburg.json,https://wikirate.org/Clean_Clothes_Campaign+Living_Wage_Action_Plan+Peek_Cloppenburg+2020.json
Tokmanni,2020,Clean Clothes Campaign+Living Wage Action Plan,No,Source-000091807,has no public plan describing how to improve wages for workers across its supplier network. Clean Clothes Campaign[https://wikirate.org/Clean_Clothes_Campaign].....2020-06-04 07:36:24 UTC Clean Clothes Campaign[https://wikirate.org/Clean_Clothes_Campaign].....2022-02-01 10:02:23 UTC,https://wikirate.org/Clean_Clothes_Campaign+Living_Wage_Action_Plan+Tokmanni.json,https://wikirate.org/Clean_Clothes_Campaign+Living_Wage_Action_Plan+Tokmanni+2020.json
Alsico Group,2020,Clean Clothes Campaign+Living Wage Action Plan,No,Source-000091807,has no public plan describing how to improve wages for workers across its supplier network. Clean Clothes Campaign[https://wikirate.org/Clean_Clothes_Campaign].....2020-06-04 07:34:15 UTC Clean Clothes Campaign[https://wikirate.org/Clean_Clothes_Campaign].....2022-02-01 10:02:23 UTC,https://wikirate.org/Clean_Clothes_Campaign+Living_Wage_Action_Plan+Alsico_Group.json,https://wikirate.org/Clean_Clothes_Campaign+Living_Wage_Action_Plan+Alsico_Group+2020.json
ECG nv,2020,Clean Clothes Campaign+Living Wage Action Plan,No,Source-000091807,has no public plan describing how to improve wages for workers across its supplier network. Clean Clothes Campaign[https://wikirate.org/Clean_Clothes_Campaign].....2020-06-04 07:34:49 UTC Clean Clothes Campaign[https://wikirate.org/Clean_Clothes_Campaign].....2022-02-01 10:02:23 UTC,https://wikirate.org/Clean_Clothes_Campaign+Living_Wage_Action_Plan+ECG_nv.json,https://wikirate.org/Clean_Clothes_Campaign+Living_Wage_Action_Plan+ECG_nv+2020.json
Oberalp SpA,2020,Clean Clothes Campaign+Living Wage Action Plan,Partial,Source-000091807,"Social report 2018 p.32, https://www.salewa.com/it-it/acquisto-etico-di-beni Laureen van Breen[https://wikirate.org/Laureen_van_Breen].....2020-04-10 18:37:21 UTC says it is working on improving wages for workers across its supplier network. However, it does not meet all elements of a public, time-bound action plan. Social report 2018 p.32, https://www.salewa.com/it-it/acquisto-etico-di-beni Clean Clothes Campaign[https://wikirate.org/Clean_Clothes_Campaign].....2020-06-04 07:36:11 UTC Clean Clothes Campaign[https://wikirate.org/Clean_Clothes_Campaign].....2022-02-01 10:02:31 UTC",https://wikirate.org/Clean_Clothes_Campaign+Living_Wage_Action_Plan+Oberalp_SpA.json,https://wikirate.org/Clean_Clothes_Campaign+Living_Wage_Action_Plan+Oberalp_SpA+2020.json
NP Fashion,2020,Clean Clothes Campaign+Living Wage Action Plan,No,Source-000091807,has no public plan describing how to improve wages for workers across its supplier network. Clean Clothes Campaign[https://wikirate.org/Clean_Clothes_Campaign].....2020-06-04 07:35:50 UTC Clean Clothes Campaign[https://wikirate.org/Clean_Clothes_Campaign].....2022-02-01 10:02:18 UTC,https://wikirate.org/Clean_Clothes_Campaign+Living_Wage_Action_Plan+NP_Fashion.json,https://wikirate.org/Clean_Clothes_Campaign+Living_Wage_Action_Plan+NP_Fashion+2020.json
OVS SpA,2020,Clean Clothes Campaign+Living Wage Action Plan,No,Source-000091807,has no public plan describing how to improve wages for workers across its supplier network. Clean Clothes Campaign[https://wikirate.org/Clean_Clothes_Campaign].....2020-06-04 07:35:54 UTC Clean Clothes Campaign[https://wikirate.org/Clean_Clothes_Campaign].....2022-02-01 10:02:24 UTC,https://wikirate.org/Clean_Clothes_Campaign+Living_Wage_Action_Plan+OVS_SpA.json,https://wikirate.org/Clean_Clothes_Campaign+Living_Wage_Action_Plan+OVS_SpA+2020.json
The Cotton Group SA,2020,Clean Clothes Campaign+Living Wage Action Plan,No,Source-000091807,has no public plan describing how to improve wages for workers across its supplier network. Clean Clothes Campaign[https://wikirate.org/Clean_Clothes_Campaign].....2020-06-04 07:34:24 UTC Clean Clothes Campaign[https://wikirate.org/Clean_Clothes_Campaign].....2022-02-01 10:02:28 UTC,https://wikirate.org/Clean_Clothes_Campaign+Living_Wage_Action_Plan+The_Cotton_Group_SA.json,https://wikirate.org/Clean_Clothes_Campaign+Living_Wage_Action_Plan+The_Cotton_Group_SA+2020.json
Retail Concepts SA,2020,Clean Clothes Campaign+Living Wage Action Plan,No,Source-000091807,has no public plan describing how to improve wages for workers across its supplier network. Clean Clothes Campaign[https://wikirate.org/Clean_Clothes_Campaign].....2020-06-04 07:34:11 UTC Clean Clothes Campaign[https://wikirate.org/Clean_Clothes_Campaign].....2022-02-01 10:02:27 UTC,https://wikirate.org/Clean_Clothes_Campaign+Living_Wage_Action_Plan+Retail_Concepts_SA.json,https://wikirate.org/Clean_Clothes_Campaign+Living_Wage_Action_Plan+Retail_Concepts_SA+2020.json
Falc SpA,2020,Clean Clothes Campaign+Living Wage Action Plan,No,Source-000091807,has no public plan describing how to improve wages for workers across its supplier network. Clean Clothes Campaign[https://wikirate.org/Clean_Clothes_Campaign].....2020-06-04 07:34:56 UTC Clean Clothes Campaign[https://wikirate.org/Clean_Clothes_Campaign].....2022-02-01 10:02:24 UTC,https://wikirate.org/Clean_Clothes_Campaign+Living_Wage_Action_Plan+Falc_SpA.json,https://wikirate.org/Clean_Clothes_Campaign+Living_Wage_Action_Plan+Falc_SpA+2020.json
Javanne SA,2020,Clean Clothes Campaign+Living Wage Action Plan,No,Source-000091807,has no public plan describing how to improve wages for workers across its supplier network. Clean Clothes Campaign[https://wikirate.org/Clean_Clothes_Campaign].....2020-06-04 07:35:15 UTC Clean Clothes Campaign[https://wikirate.org/Clean_Clothes_Campaign].....2022-02-01 10:02:27 UTC,https://wikirate.org/Clean_Clothes_Campaign+Living_Wage_Action_Plan+Javanne_SA.json,https://wikirate.org/Clean_Clothes_Campaign+Living_Wage_Action_Plan+Javanne_SA+2020.json
Luhta Sportswear Company,2020,Clean Clothes Campaign+Living Wage Action Plan,No,Source-000091807,has no public plan describing how to improve wages for workers across its supplier network. Clean Clothes Campaign[https://wikirate.org/Clean_Clothes_Campaign].....2020-06-04 07:35:36 UTC Clean Clothes Campaign[https://wikirate.org/Clean_Clothes_Campaign].....2022-02-01 10:02:22 UTC,https://wikirate.org/Clean_Clothes_Campaign+Living_Wage_Action_Plan+Luhta_Sportswear_Company.json,https://wikirate.org/Clean_Clothes_Campaign+Living_Wage_Action_Plan+Luhta_Sportswear_Company+2020.json
Sogesma SA,2020,Clean Clothes Campaign+Living Wage Action Plan,No,Source-000091807,has no public plan describing how to improve wages for workers across its supplier network. Clean Clothes Campaign[https://wikirate.org/Clean_Clothes_Campaign].....2020-06-04 07:36:29 UTC Clean Clothes Campaign[https://wikirate.org/Clean_Clothes_Campaign].....2022-02-01 10:02:28 UTC,https://wikirate.org/Clean_Clothes_Campaign+Living_Wage_Action_Plan+Sogesma_SA.json,https://wikirate.org/Clean_Clothes_Campaign+Living_Wage_Action_Plan+Sogesma_SA+2020.json
Wehkamp Retail Group Holding B.V.,2020,Clean Clothes Campaign+Living Wage Action Plan,No,Source-000091807,has no public plan describing how to improve wages for workers across its supplier network. Clean Clothes Campaign[https://wikirate.org/Clean_Clothes_Campaign].....2020-06-04 07:36:43 UTC Clean Clothes Campaign[https://wikirate.org/Clean_Clothes_Campaign].....2022-02-01 10:02:19 UTC,https://wikirate.org/Clean_Clothes_Campaign+Living_Wage_Action_Plan+Wehkamp_Retail_Group_Holding_B_V.json,https://wikirate.org/Clean_Clothes_Campaign+Living_Wage_Action_Plan+Wehkamp_Retail_Group_Holding_B_V+2020.json
Filou Company,2020,Clean Clothes Campaign+Living Wage Action Plan,No,Source-000091807,has no public plan describing how to improve wages for workers across its supplier network. Clean Clothes Campaign[https://wikirate.org/Clean_Clothes_Campaign].....2020-06-04 07:34:57 UTC Clean Clothes Campaign[https://wikirate.org/Clean_Clothes_Campaign].....2022-02-01 10:02:23 UTC,https://wikirate.org/Clean_Clothes_Campaign+Living_Wage_Action_Plan+Filou_Company.json,https://wikirate.org/Clean_Clothes_Campaign+Living_Wage_Action_Plan+Filou_Company+2020.json
BALR. BV,2020,Clean Clothes Campaign+Living Wage Action Plan,No,Source-000091807,has no public plan describing how to improve wages for workers across its supplier network. Clean Clothes Campaign[https://wikirate.org/Clean_Clothes_Campaign].....2020-06-04 07:34:25 UTC Clean Clothes Campaign[https://wikirate.org/Clean_Clothes_Campaign].....2022-02-01 10:02:26 UTC,https://wikirate.org/Clean_Clothes_Campaign+Living_Wage_Action_Plan+BALR_BV.json,https://wikirate.org/Clean_Clothes_Campaign+Living_Wage_Action_Plan+BALR_BV+2020.json
Livera B.V.,2020,Clean Clothes Campaign+Living Wage Action Plan,No,Source-000091807,has no public plan describing how to improve wages for workers across its supplier network. Clean Clothes Campaign[https://wikirate.org/Clean_Clothes_Campaign].....2020-06-04 07:35:32 UTC Clean Clothes Campaign[https://wikirate.org/Clean_Clothes_Campaign].....2022-02-01 10:02:26 UTC,https://wikirate.org/Clean_Clothes_Campaign+Living_Wage_Action_Plan+Livera_B_V.json,https://wikirate.org/Clean_Clothes_Campaign+Living_Wage_Action_Plan+Livera_B_V+2020.json
Buissonniere SA,2020,Clean Clothes Campaign+Living Wage Action Plan,No,Source-000091807,has no public plan describing how to improve wages for workers across its supplier network. Clean Clothes Campaign[https://wikirate.org/Clean_Clothes_Campaign].....2020-06-04 07:34:37 UTC Clean Clothes Campaign[https://wikirate.org/Clean_Clothes_Campaign].....2022-02-01 10:02:27 UTC,https://wikirate.org/Clean_Clothes_Campaign+Living_Wage_Action_Plan+Buissonniere_SA.json,https://wikirate.org/Clean_Clothes_Campaign+Living_Wage_Action_Plan+Buissonniere_SA+2020.json
Celio International,2020,Clean Clothes Campaign+Living Wage Action Plan,No,Source-000091807,has no public plan describing how to improve wages for workers across its supplier network. Clean Clothes Campaign[https://wikirate.org/Clean_Clothes_Campaign].....2020-06-04 07:34:45 UTC Clean Clothes Campaign[https://wikirate.org/Clean_Clothes_Campaign].....2022-02-01 10:02:27 UTC,https://wikirate.org/Clean_Clothes_Campaign+Living_Wage_Action_Plan+Celio_International.json,https://wikirate.org/Clean_Clothes_Campaign+Living_Wage_Action_Plan+Celio_International+2020.json
Van Heurck,2020,Clean Clothes Campaign+Living Wage Action Plan,No,Source-000091807,has no public plan describing how to improve wages for workers across its supplier network. Clean Clothes Campaign[https://wikirate.org/Clean_Clothes_Campaign].....2020-06-04 07:36:37 UTC Clean Clothes Campaign[https://wikirate.org/Clean_Clothes_Campaign].....2022-02-01 10:02:28 UTC,https://wikirate.org/Clean_Clothes_Campaign+Living_Wage_Action_Plan+Van_Heurck.json,https://wikirate.org/Clean_Clothes_Campaign+Living_Wage_Action_Plan+Van_Heurck+2020.json
Sioen Industries,2020,Clean Clothes Campaign+Living Wage Action Plan,No,Source-000091807,has no public plan describing how to improve wages for workers across its supplier network. Clean Clothes Campaign[https://wikirate.org/Clean_Clothes_Campaign].....2020-06-04 07:36:15 UTC Clean Clothes Campaign[https://wikirate.org/Clean_Clothes_Campaign].....2022-02-01 10:02:24 UTC,https://wikirate.org/Clean_Clothes_Campaign+Living_Wage_Action_Plan+Sioen_Industries.json,https://wikirate.org/Clean_Clothes_Campaign+Living_Wage_Action_Plan+Sioen_Industries+2020.json
J&Joy SA,2020,Clean Clothes Campaign+Living Wage Action Plan,No,Source-000091807,has no public plan describing how to improve wages for workers across its supplier network. Clean Clothes Campaign[https://wikirate.org/Clean_Clothes_Campaign].....2020-06-04 07:35:18 UTC Clean Clothes Campaign[https://wikirate.org/Clean_Clothes_Campaign].....2022-02-01 10:02:27 UTC,https://wikirate.org/Clean_Clothes_Campaign+Living_Wage_Action_Plan+J_Joy_SA.json,https://wikirate.org/Clean_Clothes_Campaign+Living_Wage_Action_Plan+J_Joy_SA+2020.json
Prenatal Moeder en Kind B.V.,2020,Clean Clothes Campaign+Living Wage Action Plan,No,Source-000091807,has no public plan describing how to improve wages for workers across its supplier network. Clean Clothes Campaign[https://wikirate.org/Clean_Clothes_Campaign].....2020-06-04 07:36:00 UTC Clean Clothes Campaign[https://wikirate.org/Clean_Clothes_Campaign].....2022-02-01 10:02:19 UTC,https://wikirate.org/Clean_Clothes_Campaign+Living_Wage_Action_Plan+Prenatal_Moeder_en_Kind_B_V.json,https://wikirate.org/Clean_Clothes_Campaign+Living_Wage_Action_Plan+Prenatal_Moeder_en_Kind_B_V+2020.json
Naura Group B.V.,2020,Clean Clothes Campaign+Living Wage Action Plan,Partial,Source-000091807,"https://api.fairwear.org/wp-content/uploads/2019/06/Expresso-Fashion-BV-Performance-Check-FINAL.pdf Laureen van Breen[https://wikirate.org/Laureen_van_Breen].....2020-04-10 18:37:23 UTC says it is working on improving wages for workers across its supplier network. However, it does not meet all elements of a public, time-bound action plan. https://api.fairwear.org/wp-content/uploads/2019/06/Expresso-Fashion-BV-Performance-Check-FINAL.pdf Clean Clothes Campaign[https://wikirate.org/Clean_Clothes_Campaign].....2020-06-04 07:34:55 UTC Clean Clothes Campaign[https://wikirate.org/Clean_Clothes_Campaign].....2022-02-01 10:02:31 UTC",https://wikirate.org/Clean_Clothes_Campaign+Living_Wage_Action_Plan+Naura_Group_B_V.json,https://wikirate.org/Clean_Clothes_Campaign+Living_Wage_Action_Plan+Naura_Group_B_V+2020.json
Aldi Sud,2019,Clean Clothes Campaign+Living Wage Action Plan,No,Source-000091807,has no public plan describing how to improve wages for workers across its supplier network. Clean Clothes Campaign[https://wikirate.org/Clean_Clothes_Campaign].....2020-06-04 07:34:14 UTC,https://wikirate.org/Clean_Clothes_Campaign+Living_Wage_Action_Plan+Aldi_Sud.json,https://wikirate.org/Clean_Clothes_Campaign+Living_Wage_Action_Plan+Aldi_Sud+2019.json
Tesco PLC,2019,Clean Clothes Campaign+Living Wage Action Plan,Partial,"Source-000091807
Source-000097891","www.actonlivingwages.com[http://www.actonlivingwages.com] Laureen van Breen[https://wikirate.org/Laureen_van_Breen].....2020-04-10 18:39:41 UTC says it is working on improving wages for workers across its supplier network. However, it does not meet all elements of a public, time-bound action plan. www.actonlivingwages.com[http://www.actonlivingwages.com] Clean Clothes Campaign[https://wikirate.org/Clean_Clothes_Campaign].....2020-06-04 07:36:21 UTC",https://wikirate.org/Clean_Clothes_Campaign+Living_Wage_Action_Plan+Tesco_PLC.json,https://wikirate.org/Clean_Clothes_Campaign+Living_Wage_Action_Plan+Tesco_PLC+2019.json
Inditex,2019,Clean Clothes Campaign+Living Wage Action Plan,Partial,"Source-000091807
Source-000097903","https://www.inditex.com/en/our-commitment-to-people/our-suppliers/workers-at-thecenter/fundamental-rights-at-work/living-wages Laureen van Breen[https://wikirate.org/Laureen_van_Breen].....2020-04-10 18:39:31 UTC says it is working on improving wages for workers across its supplier network. However, it does not meet all elements of a public, time-bound action plan. https://www.inditex.com/en/our-commitment-to-people/our-suppliers/workers-at-thecenter/fundamental-rights-at-work/living-wages Clean Clothes Campaign[https://wikirate.org/Clean_Clothes_Campaign].....2020-06-04 07:36:48 UTC",https://wikirate.org/Clean_Clothes_Campaign+Living_Wage_Action_Plan+Inditex.json,https://wikirate.org/Clean_Clothes_Campaign+Living_Wage_Action_Plan+Inditex+2019.json
Primark,2019,Clean Clothes Campaign+Living Wage Action Plan,Partial,"Source-000091807
Source-000095600","https://actonlivingwages.com/memorandum-of-understanding/ Laureen van Breen[https://wikirate.org/Laureen_van_Breen].....2020-04-10 18:39:39 UTC says it is working on improving wages for workers across its supplier network. However, it does not meet all elements of a public, time-bound action plan. https://actonlivingwages.com/memorandum-of-understanding/ Clean Clothes Campaign[https://wikirate.org/Clean_Clothes_Campaign].....2020-06-04 07:36:02 UTC",https://wikirate.org/Clean_Clothes_Campaign+Living_Wage_Action_Plan+Primark.json,https://wikirate.org/Clean_Clothes_Campaign+Living_Wage_Action_Plan+Primark+2019.json
Gap inc.,2019,Clean Clothes Campaign+Living Wage Action Plan,No,Source-000091807,has no public plan describing how to improve wages for workers across its supplier network. Clean Clothes Campaign[https://wikirate.org/Clean_Clothes_Campaign].....2020-06-04 07:35:03 UTC,https://wikirate.org/Clean_Clothes_Campaign+Living_Wage_Action_Plan+Gap_inc.json,https://wikirate.org/Clean_Clothes_Campaign+Living_Wage_Action_Plan+Gap_inc+2019.json
Levi Strauss & Co.,2019,Clean Clothes Campaign+Living Wage Action Plan,No,Source-000091807,has no public plan describing how to improve wages for workers across its supplier network. Clean Clothes Campaign[https://wikirate.org/Clean_Clothes_Campaign].....2020-06-04 07:35:27 UTC,https://wikirate.org/Clean_Clothes_Campaign+Living_Wage_Action_Plan+Levi_Strauss_Co.json,https://wikirate.org/Clean_Clothes_Campaign+Living_Wage_Action_Plan+Levi_Strauss_Co+2019.json
H&M,2019,Clean Clothes Campaign+Living Wage Action Plan,Partial,"Source-000091807
Source-000086712","https://about.hm.com/en/sustainability/sustainable-fashion/wages.html Laureen van Breen[https://wikirate.org/Laureen_van_Breen].....2020-04-10 18:39:30 UTC says it is working on improving wages for workers across its supplier network. However, it does not meet all elements of a public, time-bound action plan. https://about.hm.com/en/sustainability/sustainable-fashion/wages.html Clean Clothes Campaign[https://wikirate.org/Clean_Clothes_Campaign].....2020-06-04 07:35:09 UTC",https://wikirate.org/Clean_Clothes_Campaign+Living_Wage_Action_Plan+H_M.json,https://wikirate.org/Clean_Clothes_Campaign+Living_Wage_Action_Plan+H_M+2019.json
Nike Inc.,2019,Clean Clothes Campaign+Living Wage Action Plan,No,Source-000091807,has no public plan describing how to improve wages for workers across its supplier network. Clean Clothes Campaign[https://wikirate.org/Clean_Clothes_Campaign].....2020-06-04 07:35:48 UTC,https://wikirate.org/Clean_Clothes_Campaign+Living_Wage_Action_Plan+Nike_Inc.json,https://wikirate.org/Clean_Clothes_Campaign+Living_Wage_Action_Plan+Nike_Inc+2019.json
Adidas AG,2019,Clean Clothes Campaign+Living Wage Action Plan,No,Source-000091807,has no public plan describing how to improve wages for workers across its supplier network. Clean Clothes Campaign[https://wikirate.org/Clean_Clothes_Campaign].....2020-06-04 07:34:12 UTC,https://wikirate.org/Clean_Clothes_Campaign+Living_Wage_Action_Plan+Adidas_AG.json,https://wikirate.org/Clean_Clothes_Campaign+Living_Wage_Action_Plan+Adidas_AG+2019.json
Benetton Group Spa,2019,Clean Clothes Campaign+Living Wage Action Plan,No,Source-000091807,has no public plan describing how to improve wages for workers across its supplier network. Clean Clothes Campaign[https://wikirate.org/Clean_Clothes_Campaign].....2020-06-04 07:34:29 UTC,https://wikirate.org/Clean_Clothes_Campaign+Living_Wage_Action_Plan+Benetton_Group_Spa.json,https://wikirate.org/Clean_Clothes_Campaign+Living_Wage_Action_Plan+Benetton_Group_Spa+2019.json
C&A,2019,Clean Clothes Campaign+Living Wage Action Plan,Partial,"Source-000091807
Source-000097889","https://actonlivingwages.com/new-backgroundbrief- on-collective-bargaining-at-industry-level/ Laureen van Breen[https://wikirate.org/Laureen_van_Breen].....2020-04-10 18:39:24 UTC says it is working on improving wages for workers across its supplier network. However, it does not meet all elements of a public, time-bound action plan. https://actonlivingwages.com/new-backgroundbrief- on-collective-bargaining-at-industry-level/ Clean Clothes Campaign[https://wikirate.org/Clean_Clothes_Campaign].....2020-06-04 07:34:38 UTC",https://wikirate.org/Clean_Clothes_Campaign+Living_Wage_Action_Plan+C_A.json,https://wikirate.org/Clean_Clothes_Campaign+Living_Wage_Action_Plan+C_A+2019.json
Esprit Holdings Limited,2019,Clean Clothes Campaign+Living Wage Action Plan,Partial,"Source-000091807
Source-000097891","https://actonlivingwages.com/ Laureen van Breen[https://wikirate.org/Laureen_van_Breen].....2020-04-10 18:40:07 UTC says it is working on improving wages for workers across its supplier network. However, it does not meet all elements of a public, time-bound action plan. https://actonlivingwages.com/ Clean Clothes Campaign[https://wikirate.org/Clean_Clothes_Campaign].....2020-06-04 07:34:52 UTC",https://wikirate.org/Clean_Clothes_Campaign+Living_Wage_Action_Plan+Esprit_Holdings_Limited.json,https://wikirate.org/Clean_Clothes_Campaign+Living_Wage_Action_Plan+Esprit_Holdings_Limited+2019.json
Marks and Spencer Group plc,2019,Clean Clothes Campaign+Living Wage Action Plan,Partial,"Source-000091807
Source-000091261","https://corporate.marksandspencer.com/annual-report-2018/mands_plan_a_2018.pdf Laureen van Breen[https://wikirate.org/Laureen_van_Breen].....2020-04-10 18:37:22 UTC says it is working on improving wages for workers across its supplier network. However, it does not meet all elements of a public, time-bound action plan. https://corporate.marksandspencer.com/annual-report-2018/mands_plan_a_2018.pdf Clean Clothes Campaign[https://wikirate.org/Clean_Clothes_Campaign].....2020-06-04 07:35:38 UTC",https://wikirate.org/Clean_Clothes_Campaign+Living_Wage_Action_Plan+Marks_and_Spencer_Group_plc.json,https://wikirate.org/Clean_Clothes_Campaign+Living_Wage_Action_Plan+Marks_and_Spencer_Group_plc+2019.json
Lidl Stiftung & Co. KG,2019,Clean Clothes Campaign+Living Wage Action Plan,Partial,"Source-000091807
Source-000097891","https://actonlivingwages.com/ Laureen van Breen[https://wikirate.org/Laureen_van_Breen].....2020-04-10 18:40:10 UTC says it is working on improving wages for workers across its supplier network. However, it does not meet all elements of a public, time-bound action plan. https://actonlivingwages.com/ Clean Clothes Campaign[https://wikirate.org/Clean_Clothes_Campaign].....2020-06-04 07:35:29 UTC",https://wikirate.org/Clean_Clothes_Campaign+Living_Wage_Action_Plan+Lidl_Stiftung_Co_KG.json,https://wikirate.org/Clean_Clothes_Campaign+Living_Wage_Action_Plan+Lidl_Stiftung_Co_KG+2019.json
"Amazon.com, Inc.",2019,Clean Clothes Campaign+Living Wage Action Plan,No,Source-000091807,has no public plan describing how to improve wages for workers across its supplier network. Clean Clothes Campaign[https://wikirate.org/Clean_Clothes_Campaign].....2020-06-04 07:34:17 UTC,https://wikirate.org/Clean_Clothes_Campaign+Living_Wage_Action_Plan+Amazon_com_Inc.json,https://wikirate.org/Clean_Clothes_Campaign+Living_Wage_Action_Plan+Amazon_com_Inc+2019.json
KiK Textilien und Non-Food GmbH,2019,Clean Clothes Campaign+Living Wage Action Plan,No,Source-000091807,has no public plan describing how to improve wages for workers across its supplier network. Clean Clothes Campaign[https://wikirate.org/Clean_Clothes_Campaign].....2020-06-04 07:35:20 UTC,https://wikirate.org/Clean_Clothes_Campaign+Living_Wage_Action_Plan+KiK_Textilien_und_Non_Food_GmbH.json,https://wikirate.org/Clean_Clothes_Campaign+Living_Wage_Action_Plan+KiK_Textilien_und_Non_Food_GmbH+2019.json
Carrefour S.A.,2019,Clean Clothes Campaign+Living Wage Action Plan,No,Source-000091807,has no public plan describing how to improve wages for workers across its supplier network. Clean Clothes Campaign[https://wikirate.org/Clean_Clothes_Campaign].....2020-06-04 07:34:42 UTC,https://wikirate.org/Clean_Clothes_Campaign+Living_Wage_Action_Plan+Carrefour_S_A.json,https://wikirate.org/Clean_Clothes_Campaign+Living_Wage_Action_Plan+Carrefour_S_A+2019.json
Gucci,2019,Clean Clothes Campaign+Living Wage Action Plan,No,"Source-000091807
Source-000094020",- http://equilibrium.gucci.com/wp-content/uploads/2018/11/Sustainability- Principals_ENG.pdf Laureen van Breen[https://wikirate.org/Laureen_van_Breen].....2020-04-10 18:39:29 UTC has no public plan describing how to improve wages for workers across its supplier network. - http://equilibrium.gucci.com/wp-content/uploads/2018/11/Sustainability- Principals_ENG.pdf Clean Clothes Campaign[https://wikirate.org/Clean_Clothes_Campaign].....2020-06-04 07:35:07 UTC,https://wikirate.org/Clean_Clothes_Campaign+Living_Wage_Action_Plan+Gucci.json,https://wikirate.org/Clean_Clothes_Campaign+Living_Wage_Action_Plan+Gucci+2019.json
Puma,2019,Clean Clothes Campaign+Living Wage Action Plan,No,Source-000091807,has no public plan describing how to improve wages for workers across its supplier network. Clean Clothes Campaign[https://wikirate.org/Clean_Clothes_Campaign].....2020-06-04 07:36:03 UTC,https://wikirate.org/Clean_Clothes_Campaign+Living_Wage_Action_Plan+Puma.json,https://wikirate.org/Clean_Clothes_Campaign+Living_Wage_Action_Plan+Puma+2019.json
Walmart,2019,Clean Clothes Campaign+Living Wage Action Plan,No,Source-000091807,has no public plan describing how to improve wages for workers across its supplier network. Clean Clothes Campaign[https://wikirate.org/Clean_Clothes_Campaign].....2020-06-04 07:34:20 UTC,https://wikirate.org/Clean_Clothes_Campaign+Living_Wage_Action_Plan+Walmart.json,https://wikirate.org/Clean_Clothes_Campaign+Living_Wage_Action_Plan+Walmart+2019.json
Hugo Boss AG,2019,Clean Clothes Campaign+Living Wage Action Plan,No,Source-000091807,has no public plan describing how to improve wages for workers across its supplier network. Clean Clothes Campaign[https://wikirate.org/Clean_Clothes_Campaign].....2020-06-04 07:35:12 UTC,https://wikirate.org/Clean_Clothes_Campaign+Living_Wage_Action_Plan+Hugo_Boss_AG.json,https://wikirate.org/Clean_Clothes_Campaign+Living_Wage_Action_Plan+Hugo_Boss_AG+2019.json
Vaude,2019,Clean Clothes Campaign+Living Wage Action Plan,Partial,"Source-000091807
Source-000097902","https://csr-report.Vaude.com/gri-en/social/fair-wages.php Laureen van Breen[https://wikirate.org/Laureen_van_Breen].....2020-04-10 18:40:15 UTC says it is working on improving wages for workers across its supplier network. However, it does not meet all elements of a public, time-bound action plan. https://csr-report.vaude.com/gri-en/social/fair-wages.php Clean Clothes Campaign[https://wikirate.org/Clean_Clothes_Campaign].....2020-06-04 07:36:39 UTC",https://wikirate.org/Clean_Clothes_Campaign+Living_Wage_Action_Plan+Vaude.json,https://wikirate.org/Clean_Clothes_Campaign+Living_Wage_Action_Plan+Vaude+2019.json
Aldi Nord,2019,Clean Clothes Campaign+Living Wage Action Plan,No,Source-000091807,has no public plan describing how to improve wages for workers across its supplier network. Clean Clothes Campaign[https://wikirate.org/Clean_Clothes_Campaign].....2020-06-04 07:34:13 UTC,https://wikirate.org/Clean_Clothes_Campaign+Living_Wage_Action_Plan+Aldi_Nord.json,https://wikirate.org/Clean_Clothes_Campaign+Living_Wage_Action_Plan+Aldi_Nord+2019.json
Next PLC,2019,Clean Clothes Campaign+Living Wage Action Plan,Partial,"Source-000091807
Source-000097896","https://www.nextplc.co.uk/~/media/Files/N/Next-PLC-V2/documents/corporate-responsibility/focus-2018/focus-4-partnership-engagement-collaboration-and-community.pdf Laureen van Breen[https://wikirate.org/Laureen_van_Breen].....2020-04-10 18:39:36 UTC says it is working on improving wages for workers across its supplier network. However, it does not meet all elements of a public, time-bound action plan. https://www.nextplc.co.uk/~/media/Files/N/Next-PLC-V2/documents/corporate-responsibility/focus-2018/focus-4-partnership-engagement-collaboration-and-community.pdf Clean Clothes Campaign[https://wikirate.org/Clean_Clothes_Campaign].....2020-06-17 14:36:06 UTC",https://wikirate.org/Clean_Clothes_Campaign+Living_Wage_Action_Plan+Next_PLC.json,https://wikirate.org/Clean_Clothes_Campaign+Living_Wage_Action_Plan+Next_PLC+2019.json
Kesko Corporation,2019,Clean Clothes Campaign+Living Wage Action Plan,No,Source-000091807,has no public plan describing how to improve wages for workers across its supplier network. Clean Clothes Campaign[https://wikirate.org/Clean_Clothes_Campaign].....2020-06-04 07:35:19 UTC,https://wikirate.org/Clean_Clothes_Campaign+Living_Wage_Action_Plan+Kesko_Corporation.json,https://wikirate.org/Clean_Clothes_Campaign+Living_Wage_Action_Plan+Kesko_Corporation+2019.json
Fast Retailing,2019,Clean Clothes Campaign+Living Wage Action Plan,No,Source-000091807,has no public plan describing how to improve wages for workers across its supplier network. Clean Clothes Campaign[https://wikirate.org/Clean_Clothes_Campaign].....2020-06-04 07:36:33 UTC,https://wikirate.org/Clean_Clothes_Campaign+Living_Wage_Action_Plan+Fast_Retailing.json,https://wikirate.org/Clean_Clothes_Campaign+Living_Wage_Action_Plan+Fast_Retailing+2019.json
Sainsbury's,2019,Clean Clothes Campaign+Living Wage Action Plan,No,Source-000091807,has no public plan describing how to improve wages for workers across its supplier network. Clean Clothes Campaign[https://wikirate.org/Clean_Clothes_Campaign].....2020-06-04 07:36:09 UTC,https://wikirate.org/Clean_Clothes_Campaign+Living_Wage_Action_Plan+Sainsbury_s.json,https://wikirate.org/Clean_Clothes_Campaign+Living_Wage_Action_Plan+Sainsbury_s+2019.json
PVH,2019,Clean Clothes Campaign+Living Wage Action Plan,Partial,"Source-000091807
Source-000085291","https://www.pvh.com/responsibility/policy/Living- Wage-Strategy Laureen van Breen[https://wikirate.org/Laureen_van_Breen].....2020-04-10 18:39:39 UTC says it is working on improving wages for workers across its supplier network. However, it does not meet all elements of a public, time-bound action plan. https://www.pvh.com/responsibility/policy/Living- Wage-Strategy Clean Clothes Campaign[https://wikirate.org/Clean_Clothes_Campaign].....2020-06-04 07:36:28 UTC",https://wikirate.org/Clean_Clothes_Campaign+Living_Wage_Action_Plan+PVH.json,https://wikirate.org/Clean_Clothes_Campaign+Living_Wage_Action_Plan+PVH+2019.json
Fruit of the Loom,2019,Clean Clothes Campaign+Living Wage Action Plan,No,Source-000091807,has no public plan describing how to improve wages for workers across its supplier network. Clean Clothes Campaign[https://wikirate.org/Clean_Clothes_Campaign].....2020-06-04 07:34:59 UTC,https://wikirate.org/Clean_Clothes_Campaign+Living_Wage_Action_Plan+Fruit_of_the_Loom.json,https://wikirate.org/Clean_Clothes_Campaign+Living_Wage_Action_Plan+Fruit_of_the_Loom+2019.json
Under Armour,2019,Clean Clothes Campaign+Living Wage Action Plan,No,"Source-000091807
Source-000097901",https://www.fairlabor.org/sites/default/files/fair_compensation_work_plan_feb_2015.pdf Laureen van Breen[https://wikirate.org/Laureen_van_Breen].....2020-04-10 18:39:42 UTC has no public plan describing how to improve wages for workers across its supplier network. https://www.fairlabor.org/sites/default/files/fair_compensation_work_plan_feb_2015.pdf Clean Clothes Campaign[https://wikirate.org/Clean_Clothes_Campaign].....2020-06-04 07:36:31 UTC,https://wikirate.org/Clean_Clothes_Campaign+Living_Wage_Action_Plan+Under_Armour.json,https://wikirate.org/Clean_Clothes_Campaign+Living_Wage_Action_Plan+Under_Armour+2019.json
Asics Corporation,2019,Clean Clothes Campaign+Living Wage Action Plan,No,Source-000091807,has no public plan describing how to improve wages for workers across its supplier network. Clean Clothes Campaign[https://wikirate.org/Clean_Clothes_Campaign].....2020-06-04 07:34:21 UTC,https://wikirate.org/Clean_Clothes_Campaign+Living_Wage_Action_Plan+Asics_Corporation.json,https://wikirate.org/Clean_Clothes_Campaign+Living_Wage_Action_Plan+Asics_Corporation+2019.json
Stockmann Oyj Abp,2019,Clean Clothes Campaign+Living Wage Action Plan,No,Source-000091807,has no public plan describing how to improve wages for workers across its supplier network. Clean Clothes Campaign[https://wikirate.org/Clean_Clothes_Campaign].....2020-06-04 07:36:18 UTC,https://wikirate.org/Clean_Clothes_Campaign+Living_Wage_Action_Plan+Stockmann_Oyj_Abp.json,https://wikirate.org/Clean_Clothes_Campaign+Living_Wage_Action_Plan+Stockmann_Oyj_Abp+2019.json
Lindex,2019,Clean Clothes Campaign+Living Wage Action Plan,Partial,"Source-000091807
Source-000097893","https://about.lindex.com/sustainability/our-sustainability-promise/empower-women/, https://about.lindex.com/sustainability/with-people-planet-in-mind/living-wage/ Laureen van Breen[https://wikirate.org/Laureen_van_Breen].....2020-04-10 18:39:50 UTC says it is working on improving wages for workers across its supplier network. However, it does not meet all elements of a public, time-bound action plan. https://about.lindex.com/sustainability/our-sustainability-promise/empower-women/, https://about.lindex.com/sustainability/with-people-planet-in-mind/living-wage/ Clean Clothes Campaign[https://wikirate.org/Clean_Clothes_Campaign].....2020-06-04 07:35:31 UTC",https://wikirate.org/Clean_Clothes_Campaign+Living_Wage_Action_Plan+Lindex.json,https://wikirate.org/Clean_Clothes_Campaign+Living_Wage_Action_Plan+Lindex+2019.json
Otto Group,2019,Clean Clothes Campaign+Living Wage Action Plan,No,Source-000091807,has no public plan describing how to improve wages for workers across its supplier network. Clean Clothes Campaign[https://wikirate.org/Clean_Clothes_Campaign].....2020-06-04 07:35:53 UTC,https://wikirate.org/Clean_Clothes_Campaign+Living_Wage_Action_Plan+Otto_Group.json,https://wikirate.org/Clean_Clothes_Campaign+Living_Wage_Action_Plan+Otto_Group+2019.json
G-star RAW,2019,Clean Clothes Campaign+Living Wage Action Plan,Partial,Source-000091807,"says it is working on improving wages for workers across its supplier network. However, it does not meet all elements of a public, time-bound action plan. Clean Clothes Campaign[https://wikirate.org/Clean_Clothes_Campaign].....2020-06-04 07:35:02 UTC",https://wikirate.org/Clean_Clothes_Campaign+Living_Wage_Action_Plan+G_star_RAW.json,https://wikirate.org/Clean_Clothes_Campaign+Living_Wage_Action_Plan+G_star_RAW+2019.json
SOK S Group,2019,Clean Clothes Campaign+Living Wage Action Plan,No,Source-000091807,has no public plan describing how to improve wages for workers across its supplier network. Clean Clothes Campaign[https://wikirate.org/Clean_Clothes_Campaign].....2020-06-04 07:36:06 UTC,https://wikirate.org/Clean_Clothes_Campaign+Living_Wage_Action_Plan+SOK_S_Group.json,https://wikirate.org/Clean_Clothes_Campaign+Living_Wage_Action_Plan+SOK_S_Group+2019.json
Asos,2019,Clean Clothes Campaign+Living Wage Action Plan,Partial,"Source-000091807
Source-000097887","https://www.asosplc.com/corporate-responsibility/ourproducts/ethical-trade-programme Laureen van Breen[https://wikirate.org/Laureen_van_Breen].....2020-04-10 18:39:22 UTC says it is working on improving wages for workers across its supplier network. However, it does not meet all elements of a public, time-bound action plan. https://www.asosplc.com/corporate-responsibility/ourproducts/ethical-trade-programme Clean Clothes Campaign[https://wikirate.org/Clean_Clothes_Campaign].....2020-06-04 07:34:22 UTC",https://wikirate.org/Clean_Clothes_Campaign+Living_Wage_Action_Plan+Asos.json,https://wikirate.org/Clean_Clothes_Campaign+Living_Wage_Action_Plan+Asos+2019.json
New Look Retail Group,2019,Clean Clothes Campaign+Living Wage Action Plan,Partial,"Source-000091807
Source-000088010","https://actonlivingwages.com/members/ Laureen van Breen[https://wikirate.org/Laureen_van_Breen].....2020-04-10 18:39:35 UTC says it is working on improving wages for workers across its supplier network. However, it does not meet all elements of a public, time-bound action plan. https://actonlivingwages.com/members/ Clean Clothes Campaign[https://wikirate.org/Clean_Clothes_Campaign].....2020-06-04 07:35:45 UTC",https://wikirate.org/Clean_Clothes_Campaign+Living_Wage_Action_Plan+New_Look_Retail_Group.json,https://wikirate.org/Clean_Clothes_Campaign+Living_Wage_Action_Plan+New_Look_Retail_Group+2019.json
Marimekko,2019,Clean Clothes Campaign+Living Wage Action Plan,No,Source-000091807,has no public plan describing how to improve wages for workers across its supplier network. Clean Clothes Campaign[https://wikirate.org/Clean_Clothes_Campaign].....2020-06-04 07:35:39 UTC,https://wikirate.org/Clean_Clothes_Campaign+Living_Wage_Action_Plan+Marimekko.json,https://wikirate.org/Clean_Clothes_Campaign+Living_Wage_Action_Plan+Marimekko+2019.json
Zalando SE,2019,Clean Clothes Campaign+Living Wage Action Plan,Partial,"Source-000091807
Source-000097891","https://actonlivingwages.com/ Laureen van Breen[https://wikirate.org/Laureen_van_Breen].....2020-04-10 18:40:16 UTC says it is working on improving wages for workers across its supplier network. However, it does not meet all elements of a public, time-bound action plan. https://actonlivingwages.com/ Clean Clothes Campaign[https://wikirate.org/Clean_Clothes_Campaign].....2020-06-04 07:36:46 UTC",https://wikirate.org/Clean_Clothes_Campaign+Living_Wage_Action_Plan+Zalando_SE.json,https://wikirate.org/Clean_Clothes_Campaign+Living_Wage_Action_Plan+Zalando_SE+2019.json
Tchibo GmbH,2019,Clean Clothes Campaign+Living Wage Action Plan,Partial,"Source-000091807
Source-000097895","https://Tchibo GmbH-nachhaltigkeit.de/servlet/content/1253142/-/home/consumer-goods-value-[http://GmbH-nachhaltigkeit.de/servlet/content/1253142/-/home/consumer-goods-value-] chain/sustainable-development/global-challenges-initiatives-to-develop-system- solutions.html Laureen van Breen[https://wikirate.org/Laureen_van_Breen].....2020-04-10 18:39:40 UTC says it is working on improving wages for workers across its supplier network. However, it does not meet all elements of a public, time-bound action plan. https://tchibo-nachhaltigkeit.de/servlet/content/1253142/-/home/consumer-goods-value- chain/sustainable-development/global-challenges-initiatives-to-develop-system- solutions.html Clean Clothes Campaign[https://wikirate.org/Clean_Clothes_Campaign].....2020-06-04 07:36:20 UTC",https://wikirate.org/Clean_Clothes_Campaign+Living_Wage_Action_Plan+Tchibo_GmbH.json,https://wikirate.org/Clean_Clothes_Campaign+Living_Wage_Action_Plan+Tchibo_GmbH+2019.json
Geox SpA,2019,Clean Clothes Campaign+Living Wage Action Plan,No,Source-000091807,has no public plan describing how to improve wages for workers across its supplier network. Clean Clothes Campaign[https://wikirate.org/Clean_Clothes_Campaign].....2020-06-04 07:35:05 UTC,https://wikirate.org/Clean_Clothes_Campaign+Living_Wage_Action_Plan+Geox_SpA.json,https://wikirate.org/Clean_Clothes_Campaign+Living_Wage_Action_Plan+Geox_SpA+2019.json
Bestseller AS,2019,Clean Clothes Campaign+Living Wage Action Plan,Partial,Source-000091807,"says it is working on improving wages for workers across its supplier network. However, it does not meet all elements of a public, time-bound action plan. Clean Clothes Campaign[https://wikirate.org/Clean_Clothes_Campaign].....2020-06-04 07:34:30 UTC",https://wikirate.org/Clean_Clothes_Campaign+Living_Wage_Action_Plan+Bestseller_AS.json,https://wikirate.org/Clean_Clothes_Campaign+Living_Wage_Action_Plan+Bestseller_AS+2019.json
Missguided Limited,2019,Clean Clothes Campaign+Living Wage Action Plan,No,Source-000091807,has no public plan describing how to improve wages for workers across its supplier network. Clean Clothes Campaign[https://wikirate.org/Clean_Clothes_Campaign].....2020-06-04 07:35:42 UTC,https://wikirate.org/Clean_Clothes_Campaign+Living_Wage_Action_Plan+Missguided_Limited.json,https://wikirate.org/Clean_Clothes_Campaign+Living_Wage_Action_Plan+Missguided_Limited+2019.json
Monsoon Accessorize Ltd,2019,Clean Clothes Campaign+Living Wage Action Plan,No,Source-000091807,has no public plan describing how to improve wages for workers across its supplier network. Clean Clothes Campaign[https://wikirate.org/Clean_Clothes_Campaign].....2020-06-04 07:35:43 UTC,https://wikirate.org/Clean_Clothes_Campaign+Living_Wage_Action_Plan+Monsoon_Accessorize_Ltd.json,https://wikirate.org/Clean_Clothes_Campaign+Living_Wage_Action_Plan+Monsoon_Accessorize_Ltd+2019.json
Reima,2019,Clean Clothes Campaign+Living Wage Action Plan,No,Source-000091807,has no public plan describing how to improve wages for workers across its supplier network. Clean Clothes Campaign[https://wikirate.org/Clean_Clothes_Campaign].....2020-06-04 07:36:05 UTC,https://wikirate.org/Clean_Clothes_Campaign+Living_Wage_Action_Plan+Reima.json,https://wikirate.org/Clean_Clothes_Campaign+Living_Wage_Action_Plan+Reima+2019.json
OLYMP Bezner KG,2019,Clean Clothes Campaign+Living Wage Action Plan,No,Source-000091807,has no public plan describing how to improve wages for workers across its supplier network. Clean Clothes Campaign[https://wikirate.org/Clean_Clothes_Campaign].....2020-06-04 07:35:52 UTC,https://wikirate.org/Clean_Clothes_Campaign+Living_Wage_Action_Plan+OLYMP_Bezner_KG.json,https://wikirate.org/Clean_Clothes_Campaign+Living_Wage_Action_Plan+OLYMP_Bezner_KG+2019.json
Hema,2019,Clean Clothes Campaign+Living Wage Action Plan,No,Source-000091807,has no public plan describing how to improve wages for workers across its supplier network. Clean Clothes Campaign[https://wikirate.org/Clean_Clothes_Campaign].....2020-06-04 07:35:10 UTC,https://wikirate.org/Clean_Clothes_Campaign+Living_Wage_Action_Plan+Hema.json,https://wikirate.org/Clean_Clothes_Campaign+Living_Wage_Action_Plan+Hema+2019.json
The Sting B.V.,2019,Clean Clothes Campaign+Living Wage Action Plan,No,Source-000091807,has no public plan describing how to improve wages for workers across its supplier network. Clean Clothes Campaign[https://wikirate.org/Clean_Clothes_Campaign].....2020-06-04 07:36:23 UTC,https://wikirate.org/Clean_Clothes_Campaign+Living_Wage_Action_Plan+The_Sting_B_V.json,https://wikirate.org/Clean_Clothes_Campaign+Living_Wage_Action_Plan+The_Sting_B_V+2019.json
We Europe BV,2019,Clean Clothes Campaign+Living Wage Action Plan,No,Source-000091807,has no public plan describing how to improve wages for workers across its supplier network. Clean Clothes Campaign[https://wikirate.org/Clean_Clothes_Campaign].....2020-06-04 07:36:42 UTC,https://wikirate.org/Clean_Clothes_Campaign+Living_Wage_Action_Plan+We_Europe_BV.json,https://wikirate.org/Clean_Clothes_Campaign+Living_Wage_Action_Plan+We_Europe_BV+2019.json
Wibra Supermarkt B.V.,2019,Clean Clothes Campaign+Living Wage Action Plan,No,Source-000091807,has no public plan describing how to improve wages for workers across its supplier network. Clean Clothes Campaign[https://wikirate.org/Clean_Clothes_Campaign].....2020-06-04 07:36:45 UTC,https://wikirate.org/Clean_Clothes_Campaign+Living_Wage_Action_Plan+Wibra_Supermarkt_B_V.json,https://wikirate.org/Clean_Clothes_Campaign+Living_Wage_Action_Plan+Wibra_Supermarkt_B_V+2019.json
Zeeman,2019,Clean Clothes Campaign+Living Wage Action Plan,Partial,"Source-000091807
Source-000094475","https://zeeman.turnpages.com/DS/public/slot00078/pdf/compleet.pdf p24 and 25 Laureen van Breen[https://wikirate.org/Laureen_van_Breen].....2020-04-10 18:39:16 UTC says it is working on improving wages for workers across its supplier network. However, it does not meet all elements of a public, time-bound action plan. https://zeeman.turnpages.com/DS/public/slot00078/pdf/compleet.pdf p24 and 25 Clean Clothes Campaign[https://wikirate.org/Clean_Clothes_Campaign].....2020-06-04 07:36:49 UTC",https://wikirate.org/Clean_Clothes_Campaign+Living_Wage_Action_Plan+Zeeman.json,https://wikirate.org/Clean_Clothes_Campaign+Living_Wage_Action_Plan+Zeeman+2019.json
LPP,2019,Clean Clothes Campaign+Living Wage Action Plan,No,Source-000091807,has no public plan describing how to improve wages for workers across its supplier network. Clean Clothes Campaign[https://wikirate.org/Clean_Clothes_Campaign].....2020-06-04 07:35:35 UTC,https://wikirate.org/Clean_Clothes_Campaign+Living_Wage_Action_Plan+LPP.json,https://wikirate.org/Clean_Clothes_Campaign+Living_Wage_Action_Plan+LPP+2019.json
Brands Fashion,2019,Clean Clothes Campaign+Living Wage Action Plan,Partial,"Source-000091807
Source-000097888","https://www.brands-fashion.com/news/2018-10-19-fairtrade-textilstandard/ Laureen van Breen[https://wikirate.org/Laureen_van_Breen].....2020-04-10 18:40:05 UTC says it is working on improving wages for workers across its supplier network. However, it does not meet all elements of a public, time-bound action plan. https://www.brands-fashion.com/news/2018-10-19-fairtrade-textilstandard/ Clean Clothes Campaign[https://wikirate.org/Clean_Clothes_Campaign].....2020-06-04 07:34:35 UTC",https://wikirate.org/Clean_Clothes_Campaign+Living_Wage_Action_Plan+Brands_Fashion.json,https://wikirate.org/Clean_Clothes_Campaign+Living_Wage_Action_Plan+Brands_Fashion+2019.json
S.Oliver,2019,Clean Clothes Campaign+Living Wage Action Plan,No,Source-000091807,has no public plan describing how to improve wages for workers across its supplier network. Clean Clothes Campaign[https://wikirate.org/Clean_Clothes_Campaign].....2020-06-04 07:36:07 UTC,https://wikirate.org/Clean_Clothes_Campaign+Living_Wage_Action_Plan+S_Oliver.json,https://wikirate.org/Clean_Clothes_Campaign+Living_Wage_Action_Plan+S_Oliver+2019.json
Arcadia Group,2019,Clean Clothes Campaign+Living Wage Action Plan,Partial,"Source-000091807
Source-000097886","YesNohttp://arcadiafashionfootprint.co.uk/ - page 11 Laureen van Breen[https://wikirate.org/Laureen_van_Breen].....2020-04-10 18:39:21 UTC says it is working on improving wages for workers across its supplier network. However, it does not meet all elements of a public, time-bound action plan. http://arcadiafashionfootprint.co.uk/ Clean Clothes Campaign[https://wikirate.org/Clean_Clothes_Campaign].....2020-06-04 07:34:18 UTC",https://wikirate.org/Clean_Clothes_Campaign+Living_Wage_Action_Plan+Arcadia_Group.json,https://wikirate.org/Clean_Clothes_Campaign+Living_Wage_Action_Plan+Arcadia_Group+2019.json
Decathlon Group,2019,Clean Clothes Campaign+Living Wage Action Plan,No,Source-000091807,has no public plan describing how to improve wages for workers across its supplier network. Clean Clothes Campaign[https://wikirate.org/Clean_Clothes_Campaign].....2020-06-04 07:34:47 UTC,https://wikirate.org/Clean_Clothes_Campaign+Living_Wage_Action_Plan+Decathlon_Group.json,https://wikirate.org/Clean_Clothes_Campaign+Living_Wage_Action_Plan+Decathlon_Group+2019.json
Pentland Brands Ltd,2019,Clean Clothes Campaign+Living Wage Action Plan,Partial,Source-000091807,"Not public Laureen van Breen[https://wikirate.org/Laureen_van_Breen].....2020-04-10 18:39:38 UTC says it is working on improving wages for workers across its supplier network. However, it does not meet all elements of a public, time-bound action plan. Not public Clean Clothes Campaign[https://wikirate.org/Clean_Clothes_Campaign].....2020-06-04 07:35:59 UTC",https://wikirate.org/Clean_Clothes_Campaign+Living_Wage_Action_Plan+Pentland_Brands_Ltd.json,https://wikirate.org/Clean_Clothes_Campaign+Living_Wage_Action_Plan+Pentland_Brands_Ltd+2019.json
Bierbaum-Proenen GmbH & Co KG,2019,Clean Clothes Campaign+Living Wage Action Plan,No,Source-000091807,has no public plan describing how to improve wages for workers across its supplier network. Clean Clothes Campaign[https://wikirate.org/Clean_Clothes_Campaign].....2020-06-04 07:34:34 UTC,https://wikirate.org/Clean_Clothes_Campaign+Living_Wage_Action_Plan+Bierbaum_Proenen_GmbH_Co_KG.json,https://wikirate.org/Clean_Clothes_Campaign+Living_Wage_Action_Plan+Bierbaum_Proenen_GmbH_Co_KG+2019.json
Boohoo.com,2019,Clean Clothes Campaign+Living Wage Action Plan,No,Source-000091807,has no public plan describing how to improve wages for workers across its supplier network. Clean Clothes Campaign[https://wikirate.org/Clean_Clothes_Campaign].....2020-06-04 07:34:33 UTC,https://wikirate.org/Clean_Clothes_Campaign+Living_Wage_Action_Plan+Boohoo_com.json,https://wikirate.org/Clean_Clothes_Campaign+Living_Wage_Action_Plan+Boohoo_com+2019.json
Stanley and Stella SA,2019,Clean Clothes Campaign+Living Wage Action Plan,Yes,Source-000091807,"has published a time-bound, public action plan describing how it will achieve a living wage for workers in its supply chain. Clean Clothes Campaign[https://wikirate.org/Clean_Clothes_Campaign].....2020-06-04 07:36:17 UTC",https://wikirate.org/Clean_Clothes_Campaign+Living_Wage_Action_Plan+Stanley_and_Stella_SA.json,https://wikirate.org/Clean_Clothes_Campaign+Living_Wage_Action_Plan+Stanley_and_Stella_SA+2019.json
Jack Wolfskin,2019,Clean Clothes Campaign+Living Wage Action Plan,Partial,Source-000091807,"says it is working on improving wages for workers across its supplier network. However, it does not meet all elements of a public, time-bound action plan. Clean Clothes Campaign[https://wikirate.org/Clean_Clothes_Campaign].....2020-06-04 07:35:13 UTC",https://wikirate.org/Clean_Clothes_Campaign+Living_Wage_Action_Plan+Jack_Wolfskin.json,https://wikirate.org/Clean_Clothes_Campaign+Living_Wage_Action_Plan+Jack_Wolfskin+2019.json
LaDress,2019,Clean Clothes Campaign+Living Wage Action Plan,Partial,"Source-000091807
Source-000097894","https://www.ladress.com/on/demandware.static/-/Sites-ladress-Library/default/dwc32fcd5a/PDF/IMVO_beleid_LaDress_NL.pdf pp 12, 13 Laureen van Breen[https://wikirate.org/Laureen_van_Breen].....2020-04-10 18:40:22 UTC says it is working on improving wages for workers across its supplier network. However, it does not meet all elements of a public, time-bound action plan. https://www.ladress.com/on/demandware.static/-/Sites-ladress-Library/default/dwc32fcd5a/PDF/IMVO_beleid_LaDress_NL.pdf pp 12, 13 Clean Clothes Campaign[https://wikirate.org/Clean_Clothes_Campaign].....2020-06-04 07:35:26 UTC",https://wikirate.org/Clean_Clothes_Campaign+Living_Wage_Action_Plan+LaDress.json,https://wikirate.org/Clean_Clothes_Campaign+Living_Wage_Action_Plan+LaDress+2019.json
Schijvens,2019,Clean Clothes Campaign+Living Wage Action Plan,Partial,"Source-000091807
Source-000097898","https://www.schijvens.nl/wp-content/uploads/2019/12/Plan-van-Aanpak-2019.pdf p13, 22, 23 Laureen van Breen[https://wikirate.org/Laureen_van_Breen].....2020-04-10 18:39:13 UTC says it is working on improving wages for workers across its supplier network. However, it does not meet all elements of a public, time-bound action plan. https://www.schijvens.nl/wp-content/uploads/2019/12/Plan-van-Aanpak-2019.pdf p13, 22, 23 Clean Clothes Campaign[https://wikirate.org/Clean_Clothes_Campaign].....2020-06-04 07:36:12 UTC",https://wikirate.org/Clean_Clothes_Campaign+Living_Wage_Action_Plan+Schijvens.json,https://wikirate.org/Clean_Clothes_Campaign+Living_Wage_Action_Plan+Schijvens+2019.json
Mayerline,2019,Clean Clothes Campaign+Living Wage Action Plan,No,Source-000091807,has no public plan describing how to improve wages for workers across its supplier network. Clean Clothes Campaign[https://wikirate.org/Clean_Clothes_Campaign].....2020-06-04 07:35:41 UTC,https://wikirate.org/Clean_Clothes_Campaign+Living_Wage_Action_Plan+Mayerline.json,https://wikirate.org/Clean_Clothes_Campaign+Living_Wage_Action_Plan+Mayerline+2019.json
FNG International NV,2019,Clean Clothes Campaign+Living Wage Action Plan,No,Source-000091807,has no public plan describing how to improve wages for workers across its supplier network. Clean Clothes Campaign[https://wikirate.org/Clean_Clothes_Campaign].....2020-06-04 07:34:46 UTC,https://wikirate.org/Clean_Clothes_Campaign+Living_Wage_Action_Plan+FNG_International_NV.json,https://wikirate.org/Clean_Clothes_Campaign+Living_Wage_Action_Plan+FNG_International_NV+2019.json
Bel&Bo,2019,Clean Clothes Campaign+Living Wage Action Plan,No,Source-000091807,,https://wikirate.org/Clean_Clothes_Campaign+Living_Wage_Action_Plan+Bel_Bo.json,https://wikirate.org/Clean_Clothes_Campaign+Living_Wage_Action_Plan+Bel_Bo+2019.json
Bel-Confect,2019,Clean Clothes Campaign+Living Wage Action Plan,Yes,Source-000091807,"has published a time-bound, public action plan describing how it will achieve a living wage for workers in its supply chain. Clean Clothes Campaign[https://wikirate.org/Clean_Clothes_Campaign].....2020-06-04 07:34:28 UTC",https://wikirate.org/Clean_Clothes_Campaign+Living_Wage_Action_Plan+Bel_Confect.json,https://wikirate.org/Clean_Clothes_Campaign+Living_Wage_Action_Plan+Bel_Confect+2019.json
Engelbert Strauss,2019,Clean Clothes Campaign+Living Wage Action Plan,No,"Source-000091807
Source-000097890",https://api.fairwear.org/wp-content/uploads/2019/04/engelbert-strauss-gmbh-co-kg-performance-check-2018.pdf Laureen van Breen[https://wikirate.org/Laureen_van_Breen].....2020-04-10 18:40:06 UTC has no public plan describing how to improve wages for workers across its supplier network. https://api.fairwear.org/wp-content/uploads/2019/04/engelbert-strauss-gmbh-co-kg-performance-check-2018.pdf Clean Clothes Campaign[https://wikirate.org/Clean_Clothes_Campaign].....2020-06-04 07:34:50 UTC,https://wikirate.org/Clean_Clothes_Campaign+Living_Wage_Action_Plan+Engelbert_Strauss.json,https://wikirate.org/Clean_Clothes_Campaign+Living_Wage_Action_Plan+Engelbert_Strauss+2019.json
Kings Of Indigo,2019,Clean Clothes Campaign+Living Wage Action Plan,Yes,"Source-000091807
Source-000088725","https://cdn.shopify.com/s/files/1/0060/4553/2275/files/AGT_report_2019.pdf, page 78. Laureen van Breen[https://wikirate.org/Laureen_van_Breen].....2020-04-10 18:40:20 UTC has published a time-bound, public action plan describing how it will achieve a living wage for workers in its supply chain. https://cdn.shopify.com/s/files/1/0060/4553/2275/files/AGT_report_2019.pdf, page 78. Clean Clothes Campaign[https://wikirate.org/Clean_Clothes_Campaign].....2020-06-04 07:35:22 UTC",https://wikirate.org/Clean_Clothes_Campaign+Living_Wage_Action_Plan+Kings_Of_Indigo.json,https://wikirate.org/Clean_Clothes_Campaign+Living_Wage_Action_Plan+Kings_Of_Indigo+2019.json
Cassis / Paprika S.A.,2019,Clean Clothes Campaign+Living Wage Action Plan,No,Source-000091807,has no public plan describing how to improve wages for workers across its supplier network. Clean Clothes Campaign[https://wikirate.org/Clean_Clothes_Campaign].....2020-06-04 07:34:43 UTC,https://wikirate.org/Clean_Clothes_Campaign+Living_Wage_Action_Plan+Cassis_Paprika_S_A.json,https://wikirate.org/Clean_Clothes_Campaign+Living_Wage_Action_Plan+Cassis_Paprika_S_A+2019.json
Calzedonia,2019,Clean Clothes Campaign+Living Wage Action Plan,No,Source-000091807,has no public plan describing how to improve wages for workers across its supplier network. Clean Clothes Campaign[https://wikirate.org/Clean_Clothes_Campaign].....2020-06-04 07:34:40 UTC,https://wikirate.org/Clean_Clothes_Campaign+Living_Wage_Action_Plan+Calzedonia.json,https://wikirate.org/Clean_Clothes_Campaign+Living_Wage_Action_Plan+Calzedonia+2019.json
Tom Tailor,2019,Clean Clothes Campaign+Living Wage Action Plan,No,Source-000091807,has no public plan describing how to improve wages for workers across its supplier network. Clean Clothes Campaign[https://wikirate.org/Clean_Clothes_Campaign].....2020-06-04 07:36:26 UTC,https://wikirate.org/Clean_Clothes_Campaign+Living_Wage_Action_Plan+Tom_Tailor.json,https://wikirate.org/Clean_Clothes_Campaign+Living_Wage_Action_Plan+Tom_Tailor+2019.json
Kuyichi,2019,Clean Clothes Campaign+Living Wage Action Plan,No,Source-000091807,has no public plan describing how to improve wages for workers across its supplier network. Clean Clothes Campaign[https://wikirate.org/Clean_Clothes_Campaign].....2020-06-04 07:35:24 UTC,https://wikirate.org/Clean_Clothes_Campaign+Living_Wage_Action_Plan+Kuyichi.json,https://wikirate.org/Clean_Clothes_Campaign+Living_Wage_Action_Plan+Kuyichi+2019.json
Scotch and Soda,2019,Clean Clothes Campaign+Living Wage Action Plan,No,Source-000091807,has no public plan describing how to improve wages for workers across its supplier network. Clean Clothes Campaign[https://wikirate.org/Clean_Clothes_Campaign].....2020-06-04 07:36:14 UTC,https://wikirate.org/Clean_Clothes_Campaign+Living_Wage_Action_Plan+Scotch_and_Soda.json,https://wikirate.org/Clean_Clothes_Campaign+Living_Wage_Action_Plan+Scotch_and_Soda+2019.json
Peek & Cloppenburg,2019,Clean Clothes Campaign+Living Wage Action Plan,No,Source-000091807,has no public plan describing how to improve wages for workers across its supplier network. Clean Clothes Campaign[https://wikirate.org/Clean_Clothes_Campaign].....2020-06-04 07:35:57 UTC,https://wikirate.org/Clean_Clothes_Campaign+Living_Wage_Action_Plan+Peek_Cloppenburg.json,https://wikirate.org/Clean_Clothes_Campaign+Living_Wage_Action_Plan+Peek_Cloppenburg+2019.json
Tokmanni,2019,Clean Clothes Campaign+Living Wage Action Plan,No,Source-000091807,has no public plan describing how to improve wages for workers across its supplier network. Clean Clothes Campaign[https://wikirate.org/Clean_Clothes_Campaign].....2020-06-04 07:36:24 UTC,https://wikirate.org/Clean_Clothes_Campaign+Living_Wage_Action_Plan+Tokmanni.json,https://wikirate.org/Clean_Clothes_Campaign+Living_Wage_Action_Plan+Tokmanni+2019.json
Alsico Group,2019,Clean Clothes Campaign+Living Wage Action Plan,No,Source-000091807,has no public plan describing how to improve wages for workers across its supplier network. Clean Clothes Campaign[https://wikirate.org/Clean_Clothes_Campaign].....2020-06-04 07:34:15 UTC,https://wikirate.org/Clean_Clothes_Campaign+Living_Wage_Action_Plan+Alsico_Group.json,https://wikirate.org/Clean_Clothes_Campaign+Living_Wage_Action_Plan+Alsico_Group+2019.json
ECG nv,2019,Clean Clothes Campaign+Living Wage Action Plan,No,Source-000091807,has no public plan describing how to improve wages for workers across its supplier network. Clean Clothes Campaign[https://wikirate.org/Clean_Clothes_Campaign].....2020-06-04 07:34:49 UTC,https://wikirate.org/Clean_Clothes_Campaign+Living_Wage_Action_Plan+ECG_nv.json,https://wikirate.org/Clean_Clothes_Campaign+Living_Wage_Action_Plan+ECG_nv+2019.json
Oberalp SpA,2019,Clean Clothes Campaign+Living Wage Action Plan,Partial,"Source-000091807
Source-000097897","Social report 2018 p.32, https://www.salewa.com/it-it/acquisto-etico-di-beni Laureen van Breen[https://wikirate.org/Laureen_van_Breen].....2020-04-10 18:37:21 UTC says it is working on improving wages for workers across its supplier network. However, it does not meet all elements of a public, time-bound action plan. Social report 2018 p.32, https://www.salewa.com/it-it/acquisto-etico-di-beni Clean Clothes Campaign[https://wikirate.org/Clean_Clothes_Campaign].....2020-06-04 07:36:11 UTC",https://wikirate.org/Clean_Clothes_Campaign+Living_Wage_Action_Plan+Oberalp_SpA.json,https://wikirate.org/Clean_Clothes_Campaign+Living_Wage_Action_Plan+Oberalp_SpA+2019.json
NP Fashion,2019,Clean Clothes Campaign+Living Wage Action Plan,No,Source-000091807,has no public plan describing how to improve wages for workers across its supplier network. Clean Clothes Campaign[https://wikirate.org/Clean_Clothes_Campaign].....2020-06-04 07:35:50 UTC,https://wikirate.org/Clean_Clothes_Campaign+Living_Wage_Action_Plan+NP_Fashion.json,https://wikirate.org/Clean_Clothes_Campaign+Living_Wage_Action_Plan+NP_Fashion+2019.json
OVS SpA,2019,Clean Clothes Campaign+Living Wage Action Plan,No,Source-000091807,has no public plan describing how to improve wages for workers across its supplier network. Clean Clothes Campaign[https://wikirate.org/Clean_Clothes_Campaign].....2020-06-04 07:35:54 UTC,https://wikirate.org/Clean_Clothes_Campaign+Living_Wage_Action_Plan+OVS_SpA.json,https://wikirate.org/Clean_Clothes_Campaign+Living_Wage_Action_Plan+OVS_SpA+2019.json
The Cotton Group SA,2019,Clean Clothes Campaign+Living Wage Action Plan,No,Source-000091807,has no public plan describing how to improve wages for workers across its supplier network. Clean Clothes Campaign[https://wikirate.org/Clean_Clothes_Campaign].....2020-06-04 07:34:24 UTC,https://wikirate.org/Clean_Clothes_Campaign+Living_Wage_Action_Plan+The_Cotton_Group_SA.json,https://wikirate.org/Clean_Clothes_Campaign+Living_Wage_Action_Plan+The_Cotton_Group_SA+2019.json
Retail Concepts SA,2019,Clean Clothes Campaign+Living Wage Action Plan,No,Source-000091807,has no public plan describing how to improve wages for workers across its supplier network. Clean Clothes Campaign[https://wikirate.org/Clean_Clothes_Campaign].....2020-06-04 07:34:11 UTC,https://wikirate.org/Clean_Clothes_Campaign+Living_Wage_Action_Plan+Retail_Concepts_SA.json,https://wikirate.org/Clean_Clothes_Campaign+Living_Wage_Action_Plan+Retail_Concepts_SA+2019.json
Falc SpA,2019,Clean Clothes Campaign+Living Wage Action Plan,No,Source-000091807,has no public plan describing how to improve wages for workers across its supplier network. Clean Clothes Campaign[https://wikirate.org/Clean_Clothes_Campaign].....2020-06-04 07:34:56 UTC,https://wikirate.org/Clean_Clothes_Campaign+Living_Wage_Action_Plan+Falc_SpA.json,https://wikirate.org/Clean_Clothes_Campaign+Living_Wage_Action_Plan+Falc_SpA+2019.json
Javanne SA,2019,Clean Clothes Campaign+Living Wage Action Plan,No,Source-000091807,has no public plan describing how to improve wages for workers across its supplier network. Clean Clothes Campaign[https://wikirate.org/Clean_Clothes_Campaign].....2020-06-04 07:35:15 UTC,https://wikirate.org/Clean_Clothes_Campaign+Living_Wage_Action_Plan+Javanne_SA.json,https://wikirate.org/Clean_Clothes_Campaign+Living_Wage_Action_Plan+Javanne_SA+2019.json
Luhta Sportswear Company,2019,Clean Clothes Campaign+Living Wage Action Plan,No,Source-000091807,has no public plan describing how to improve wages for workers across its supplier network. Clean Clothes Campaign[https://wikirate.org/Clean_Clothes_Campaign].....2020-06-04 07:35:36 UTC,https://wikirate.org/Clean_Clothes_Campaign+Living_Wage_Action_Plan+Luhta_Sportswear_Company.json,https://wikirate.org/Clean_Clothes_Campaign+Living_Wage_Action_Plan+Luhta_Sportswear_Company+2019.json
Sogesma SA,2019,Clean Clothes Campaign+Living Wage Action Plan,No,Source-000091807,has no public plan describing how to improve wages for workers across its supplier network. Clean Clothes Campaign[https://wikirate.org/Clean_Clothes_Campaign].....2020-06-04 07:36:29 UTC,https://wikirate.org/Clean_Clothes_Campaign+Living_Wage_Action_Plan+Sogesma_SA.json,https://wikirate.org/Clean_Clothes_Campaign+Living_Wage_Action_Plan+Sogesma_SA+2019.json
Wehkamp Retail Group Holding B.V.,2019,Clean Clothes Campaign+Living Wage Action Plan,No,Source-000091807,has no public plan describing how to improve wages for workers across its supplier network. Clean Clothes Campaign[https://wikirate.org/Clean_Clothes_Campaign].....2020-06-04 07:36:43 UTC,https://wikirate.org/Clean_Clothes_Campaign+Living_Wage_Action_Plan+Wehkamp_Retail_Group_Holding_B_V.json,https://wikirate.org/Clean_Clothes_Campaign+Living_Wage_Action_Plan+Wehkamp_Retail_Group_Holding_B_V+2019.json
Filou Company,2019,Clean Clothes Campaign+Living Wage Action Plan,No,Source-000091807,has no public plan describing how to improve wages for workers across its supplier network. Clean Clothes Campaign[https://wikirate.org/Clean_Clothes_Campaign].....2020-06-04 07:34:57 UTC,https://wikirate.org/Clean_Clothes_Campaign+Living_Wage_Action_Plan+Filou_Company.json,https://wikirate.org/Clean_Clothes_Campaign+Living_Wage_Action_Plan+Filou_Company+2019.json
BALR. BV,2019,Clean Clothes Campaign+Living Wage Action Plan,No,Source-000091807,has no public plan describing how to improve wages for workers across its supplier network. Clean Clothes Campaign[https://wikirate.org/Clean_Clothes_Campaign].....2020-06-04 07:34:25 UTC,https://wikirate.org/Clean_Clothes_Campaign+Living_Wage_Action_Plan+BALR_BV.json,https://wikirate.org/Clean_Clothes_Campaign+Living_Wage_Action_Plan+BALR_BV+2019.json
Livera B.V.,2019,Clean Clothes Campaign+Living Wage Action Plan,No,Source-000091807,has no public plan describing how to improve wages for workers across its supplier network. Clean Clothes Campaign[https://wikirate.org/Clean_Clothes_Campaign].....2020-06-04 07:35:32 UTC,https://wikirate.org/Clean_Clothes_Campaign+Living_Wage_Action_Plan+Livera_B_V.json,https://wikirate.org/Clean_Clothes_Campaign+Living_Wage_Action_Plan+Livera_B_V+2019.json
Buissonniere SA,2019,Clean Clothes Campaign+Living Wage Action Plan,No,Source-000091807,has no public plan describing how to improve wages for workers across its supplier network. Clean Clothes Campaign[https://wikirate.org/Clean_Clothes_Campaign].....2020-06-04 07:34:37 UTC,https://wikirate.org/Clean_Clothes_Campaign+Living_Wage_Action_Plan+Buissonniere_SA.json,https://wikirate.org/Clean_Clothes_Campaign+Living_Wage_Action_Plan+Buissonniere_SA+2019.json
Celio International,2019,Clean Clothes Campaign+Living Wage Action Plan,No,Source-000091807,has no public plan describing how to improve wages for workers across its supplier network. Clean Clothes Campaign[https://wikirate.org/Clean_Clothes_Campaign].....2020-06-04 07:34:45 UTC,https://wikirate.org/Clean_Clothes_Campaign+Living_Wage_Action_Plan+Celio_International.json,https://wikirate.org/Clean_Clothes_Campaign+Living_Wage_Action_Plan+Celio_International+2019.json
Van Heurck,2019,Clean Clothes Campaign+Living Wage Action Plan,No,Source-000091807,has no public plan describing how to improve wages for workers across its supplier network. Clean Clothes Campaign[https://wikirate.org/Clean_Clothes_Campaign].....2020-06-04 07:36:37 UTC,https://wikirate.org/Clean_Clothes_Campaign+Living_Wage_Action_Plan+Van_Heurck.json,https://wikirate.org/Clean_Clothes_Campaign+Living_Wage_Action_Plan+Van_Heurck+2019.json
Sioen Industries,2019,Clean Clothes Campaign+Living Wage Action Plan,No,Source-000091807,has no public plan describing how to improve wages for workers across its supplier network. Clean Clothes Campaign[https://wikirate.org/Clean_Clothes_Campaign].....2020-06-04 07:36:15 UTC,https://wikirate.org/Clean_Clothes_Campaign+Living_Wage_Action_Plan+Sioen_Industries.json,https://wikirate.org/Clean_Clothes_Campaign+Living_Wage_Action_Plan+Sioen_Industries+2019.json
J&Joy SA,2019,Clean Clothes Campaign+Living Wage Action Plan,No,Source-000091807,has no public plan describing how to improve wages for workers across its supplier network. Clean Clothes Campaign[https://wikirate.org/Clean_Clothes_Campaign].....2020-06-04 07:35:18 UTC,https://wikirate.org/Clean_Clothes_Campaign+Living_Wage_Action_Plan+J_Joy_SA.json,https://wikirate.org/Clean_Clothes_Campaign+Living_Wage_Action_Plan+J_Joy_SA+2019.json
Prenatal Moeder en Kind B.V.,2019,Clean Clothes Campaign+Living Wage Action Plan,No,Source-000091807,has no public plan describing how to improve wages for workers across its supplier network. Clean Clothes Campaign[https://wikirate.org/Clean_Clothes_Campaign].....2020-06-04 07:36:00 UTC,https://wikirate.org/Clean_Clothes_Campaign+Living_Wage_Action_Plan+Prenatal_Moeder_en_Kind_B_V.json,https://wikirate.org/Clean_Clothes_Campaign+Living_Wage_Action_Plan+Prenatal_Moeder_en_Kind_B_V+2019.json
Naura Group B.V.,2019,Clean Clothes Campaign+Living Wage Action Plan,Partial,"Source-000091807
Source-000097892","https://api.fairwear.org/wp-content/uploads/2019/06/Expresso-Fashion-BV-Performance-Check-FINAL.pdf Laureen van Breen[https://wikirate.org/Laureen_van_Breen].....2020-04-10 18:37:23 UTC says it is working on improving wages for workers across its supplier network. However, it does not meet all elements of a public, time-bound action plan. https://api.fairwear.org/wp-content/uploads/2019/06/Expresso-Fashion-BV-Performance-Check-FINAL.pdf Clean Clothes Campaign[https://wikirate.org/Clean_Clothes_Campaign].....2020-06-04 07:34:55 UTC",https://wikirate.org/Clean_Clothes_Campaign+Living_Wage_Action_Plan+Naura_Group_B_V.json,https://wikirate.org/Clean_Clothes_Campaign+Living_Wage_Action_Plan+Naura_Group_B_V+2019.json
